junction_id	fate	reads	donor_in_repeat	acceptor_in_repeat	repeat_classes
chr22:10931645:10933234:+	lost	1	True	True	LINE
chr22:12315443:12364676:+	lost	1	True	True	LINE
chr22:12316459:12320922:-	lost	1	True	True	LINE
chr22:12319929:12364676:+	lost	1	True	True	LINE
chr22:12498481:12543847:+	lost	1	True	True	LINE
chr22:12498481:12548311:+	lost	1	True	True	LINE
chr22:12543848:12548311:+	lost	1	True	True	LINE
chr22:15592959:15597258:-	lost	1	True	True	SINE
chr22:16121448:16204679:+	lost	1	True	True	SINE
chr22:16758448:16793235:-	lost	1	True	True	SINE
chr22:16758448:16806661:-	lost	1	True	True	SINE
chr22:17136946:17200098:+	lost	1	True	True	SINE
chr22:17211803:17251788:-	lost	1	True	True	SINE
chr22:17358449:17445823:-	lost	1	True	True	SINE
chr22:17519374:17603038:-	lost	1	True	True	SINE
chr22:17519374:17617375:-	lost	1	True	True	SINE
chr22:17519374:17626613:-	lost	1	True	True	SINE
chr22:18345449:18345752:+	lost	2	False	False	.
chr22:18509243:18561405:+	lost	1	True	True	SINE
chr22:18516648:18516951:-	lost	2	False	False	.
chr22:18520332:18581539:+	lost	1	True	True	SINE
chr22:18522555:18561405:+	lost	1	True	True	SINE
chr22:18526181:18561405:+	lost	1	True	True	SINE
chr22:18568438:18569801:+	lost	1	True	True	SINE
chr22:18602910:18603574:-	lost	1	True	True	SINE
chr22:18773969:18774272:-	lost	1	False	False	.
chr22:18856366:18857310:-	lost	1	False	False	.
chr22:19538936:19546955:-	lost	1	True	True	SINE
chr22:19539693:19546955:-	lost	1	True	True	SINE
chr22:20006863:20050594:-	lost	1	True	True	SINE
chr22:20006866:20045738:+	lost	1	True	True	SINE
chr22:20594479:20640929:+	lost	1	True	True	SINE
chr22:20594810:20640929:+	lost	1	True	True	SINE
chr22:20970697:21024806:+	lost	1	True	True	SINE
chr22:20985296:21024806:+	lost	1	True	True	SINE
chr22:21117259:21118203:+	lost	1	False	False	.
chr22:21208285:21208588:-	lost	1	False	False	.
chr22:21292312:21293256:-	lost	1	False	False	.
chr22:21459673:21521098:+	lost	1	True	True	SINE
chr22:21461898:21500930:+	lost	1	True	True	SINE
chr22:21461898:21528594:+	lost	1	True	True	SINE
chr22:21465521:21500930:+	lost	1	True	True	SINE
chr22:21465521:21528594:+	lost	1	True	True	SINE
chr22:21507986:21509355:+	lost	1	True	True	SINE
chr22:21627647:21700569:+	lost	1	True	True	SINE
chr22:21899546:21902565:-	lost	1	True	True	SINE
chr22:21900155:21902565:-	lost	1	True	True	SINE
chr22:22191257:22192846:-	lost	1	True	True	LINE
chr22:22647291:22647594:+	lost	1	False	False	.
chr22:22899656:22900975:+	lost	3	False	False	.
chr22:22899656:22906341:+	lost	4	False	False	.
chr22:22999143:23013150:+	lost	1	True	True	SINE
chr22:22999143:23017939:+	lost	1	True	True	SINE
chr22:23313022:23313967:+	lost	1	False	False	.
chr22:23333377:23409738:+	lost	1	True	True	SINE
chr22:23339647:23409738:+	lost	1	True	True	SINE
chr22:23733770:23738580:-	lost	1	True	True	SINE
chr22:23735583:23738580:-	lost	1	True	True	SINE
chr22:23916408:23921159:+	lost	1	True	True	SINE
chr22:23919119:23921159:+	lost	1	True	True	SINE
chr22:24248219:24248522:-	lost	2	False	False	.
chr22:24395872:24476969:-	lost	1	True	True	SINE
chr22:24396529:24476969:-	lost	1	True	True	SINE
chr22:24628389:24628692:+	lost	1	False	False	.
chr22:24648333:24649277:+	lost	1	False	False	.
chr22:24775644:24821179:+	lost	1	True	True	SINE
chr22:24779602:24821179:+	lost	1	True	True	SINE
chr22:25009353:25016108:-	lost	1	True	True	SINE
chr22:25012361:25016108:-	lost	1	True	True	SINE
chr22:25355457:25363305:+	lost	1	True	True	SINE
chr22:25359210:25363314:-	lost	1	True	True	SINE
chr22:26386886:26421538:+	lost	1	True	True	SINE
chr22:26664155:26718088:+	lost	1	True	True	SINE
chr22:26680938:26718088:+	lost	1	True	True	SINE
chr22:26692068:26718088:+	lost	1	True	True	SINE
chr22:28086952:28088542:-	lost	1	True	True	LINE
chr22:28271836:28294799:-	lost	1	True	True	SINE
chr22:28387978:28389564:+	lost	1	True	True	LINE
chr22:28627677:28659512:-	lost	1	True	True	SINE
chr22:28636372:28659512:-	lost	1	True	True	SINE
chr22:28751877:28832607:+	lost	1	True	True	SINE
chr22:28765041:28832607:+	lost	1	True	True	SINE
chr22:28777989:28807621:+	lost	1	True	True	SINE
chr22:28901723:28907064:-	lost	2	True	True	SINE
chr22:29142890:29155698:-	lost	1	True	True	SINE
chr22:29143483:29155698:-	lost	1	True	True	SINE
chr22:29491786:29495593:-	lost	1	True	True	SINE
chr22:29626297:29672456:+	lost	1	True	True	SINE
chr22:29638494:29672456:+	lost	1	True	True	SINE
chr22:29794096:29847746:+	lost	1	True	True	SINE
chr22:29797978:29847746:+	lost	1	True	True	SINE
chr22:30499984:30507640:-	lost	1	True	True	SINE
chr22:30503379:30507640:-	lost	1	True	True	SINE
chr22:30588706:30594442:-	lost	1	True	True	SINE
chr22:30645909:30682673:-	lost	1	True	True	SINE
chr22:30725335:30760641:-	lost	1	True	True	SINE
chr22:30727932:30760641:-	lost	1	True	True	SINE
chr22:30858738:30862831:+	lost	1	True	True	SINE
chr22:31130277:31157777:+	lost	1	True	True	SINE
chr22:31159940:31163904:-	lost	2	True	True	SINE
chr22:31161954:31163904:-	lost	2	True	True	SINE
chr22:31320931:31381263:+	lost	1	True	True	SINE
chr22:31354526:31406597:-	lost	1	True	True	SINE
chr22:31367019:31406597:-	lost	1	True	True	SINE
chr22:31370871:31455493:+	lost	1	True	True	SINE
chr22:31377033:31432219:+	lost	1	True	True	SINE
chr22:31383127:31455493:+	lost	1	True	True	SINE
chr22:31405832:31432219:+	lost	1	True	True	SINE
chr22:31500943:31524937:+	lost	1	True	True	SINE
chr22:31639076:31675875:-	lost	1	True	True	SINE
chr22:31644322:31675875:-	lost	1	True	True	SINE
chr22:31655012:31706298:+	lost	1	True	True	SINE
chr22:31667681:31706298:+	lost	1	True	True	SINE
chr22:31678539:31706298:+	lost	1	True	True	SINE
chr22:31782392:31831580:-	lost	1	True	True	SINE
chr22:31799298:31831580:-	lost	1	True	True	SINE
chr22:31881733:31974161:+	lost	1	True	True	SINE
chr22:32257948:32263045:+	lost	1	True	True	SINE
chr22:32582031:32657355:-	lost	1	True	True	SINE
chr22:32597447:32657355:-	lost	1	True	True	SINE
chr22:35620121:35650716:+	lost	1	True	True	SINE
chr22:37769860:37789862:-	lost	2	True	True	SINE
chr22:37770509:37789862:-	lost	2	True	True	SINE
chr22:37777790:37789874:+	lost	1	True	True	SINE
chr22:37963961:37970152:+	lost	1	True	True	SINE
chr22:38076834:38101640:+	lost	1	True	True	SINE
chr22:38076834:38121164:+	lost	1	True	True	SINE
chr22:38340517:38350037:-	lost	1	True	True	SINE
chr22:38471067:38515721:-	lost	1	True	True	SINE
chr22:38647005:38714369:-	lost	1	True	True	SINE
chr22:38649421:38714369:-	lost	1	True	True	SINE
chr22:40701217:40719192:-	lost	1	True	True	SINE
chr22:40702139:40719192:-	lost	1	True	True	SINE
chr22:40744878:40745502:-	lost	1	True	True	Retroposon
chr22:40745004:40745502:-	lost	1	True	True	Retroposon
chr22:40764070:40816705:+	lost	1	True	True	SINE
chr22:40764377:40816705:+	lost	1	True	True	SINE
chr22:40892280:40980815:+	lost	1	True	True	SINE
chr22:40902168:40980815:+	lost	1	True	True	SINE
chr22:40924754:40963072:-	lost	2	True	True	SINE
chr22:40929424:40963072:-	lost	1	True	True	SINE
chr22:40996407:41042204:-	lost	1	True	True	SINE
chr22:41059194:41108391:+	lost	1	True	True	SINE
chr22:41068358:41108391:+	lost	1	True	True	SINE
chr22:41105630:41113778:-	lost	1	True	True	SINE
chr22:41210562:41234785:-	lost	1	True	True	SINE
chr22:41211790:41234785:-	lost	1	True	True	SINE
chr22:41309227:41313328:+	lost	1	True	True	SINE
chr22:41310982:41313328:+	lost	1	True	True	SINE
chr22:41321330:41378263:-	lost	1	True	True	SINE
chr22:41329373:41378263:-	lost	1	True	True	SINE
chr22:41409156:41458090:+	lost	1	True	True	SINE
chr22:41413200:41458090:+	lost	1	True	True	SINE
chr22:41744731:41785167:-	lost	1	True	True	SINE
chr22:41759276:41798358:-	lost	1	True	True	SINE
chr22:41759956:41798358:-	lost	1	True	True	SINE
chr22:42041418:42100710:+	lost	1	True	True	SINE
chr22:42224212:42279244:-	lost	1	True	True	SINE
chr22:42234880:42279244:-	lost	1	True	True	SINE
chr22:42386297:42412135:-	lost	1	True	True	SINE
chr22:42514305:42514681:-	lost	1	False	False	.
chr22:42576127:42576511:-	lost	1	False	False	.
chr22:42578244:42673251:-	lost	1	True	True	SINE
chr22:42579806:42673251:-	lost	1	True	True	SINE
chr22:42616798:42685460:+	lost	1	True	True	SINE
chr22:42762069:42845306:-	lost	1	True	True	SINE
chr22:42779906:42845306:-	lost	1	True	True	SINE
chr22:42914471:42921974:+	lost	1	True	True	SINE
chr22:42982968:43022599:+	lost	1	True	True	SINE
chr22:42987928:43022599:+	lost	1	True	True	SINE
chr22:42989421:43048859:-	lost	1	True	True	SINE
chr22:42996449:43048853:-	lost	1	True	True	SINE
chr22:43108761:43149452:-	lost	1	True	True	SINE
chr22:43121962:43149452:-	lost	1	True	True	SINE
chr22:43142527:43146965:-	lost	1	True	True	SINE
chr22:43690285:43722311:+	lost	1	True	True	SINE
chr22:44469467:44516734:+	lost	2	True	True	SINE
chr22:44482221:44516734:+	lost	2	True	True	SINE
chr22:44713333:44762779:+	lost	1	True	True	SINE
chr22:44717951:44762779:+	lost	1	True	True	SINE
chr22:44788350:44838504:-	lost	1	True	True	SINE
chr22:45412289:45412594:-	lost	1	True	True	SINE
chr22:45458606:45511364:+	lost	1	True	True	SINE
chr22:45472331:45511364:+	lost	1	True	True	SINE
chr22:46153405:46156837:+	lost	1	True	True	SINE
chr22:46158178:46197670:+	lost	2	True	True	SINE
chr22:46173974:46197670:+	lost	2	True	True	SINE
chr22:46217913:46266922:-	lost	1	True	True	SINE
chr22:46227334:46266922:-	lost	1	True	True	SINE
chr22:48648764:48688927:+	lost	1	True	True	SINE
chr22:48656442:48688927:+	lost	1	True	True	SINE
chr22:49340205:49410667:+	lost	1	True	True	SINE
chr22:49981369:49988154:+	lost	1	True	True	SINE
chr22:50100596:50145024:-	lost	1	True	True	SINE
chr22:50144677:50148758:+	lost	1	True	True	SINE
chr22:50155955:50205354:+	lost	1	True	True	SINE
chr22:50167055:50205354:+	lost	1	True	True	SINE
chr22:50407283:50495205:+	lost	1	True	True	SINE
chr22:10648753:10689494:-	retained	1	True	True	LINE
chr22:10733340:10769595:-	retained	1	True	True	SINE
chr22:10759577:10782986:+	retained	1	True	True	SINE
chr22:11033031:11033327:-	retained	2	True	True	SINE
chr22:11036125:11039234:-	retained	1	True	True	SINE
chr22:11156689:11160805:-	retained	1	True	True	SINE
chr22:11294190:11301290:+	retained	3	True	True	LINE
chr22:11565871:11609897:-	retained	1	True	True	SINE
chr22:11610077:11613404:-	retained	1	True	True	SINE
chr22:11842581:11857162:+	retained	1	True	True	SINE
chr22:11948047:11966518:+	retained	1	True	True	SINE
chr22:11960909:12085021:-	retained	2	True	True	LINE
chr22:12095213:12123353:+	retained	1	True	True	SINE
chr22:12315853:12320331:-	retained	1	True	True	LINE
chr22:12376071:12387184:-	retained	1	True	True	LINE,Satellite
chr22:12544439:12548917:+	retained	2	True	True	LINE
chr22:12624334:12625316:+	retained	1	False	False	.
chr22:15326449:15326630:+	retained	1	False	False	.
chr22:15330594:15333293:+	retained	1	True	True	SINE
chr22:15444674:15445389:+	retained	1	True	True	Satellite
chr22:15475837:15576466:+	retained	1	True	True	LINE
chr22:15596776:15653441:+	retained	1	True	True	SINE
chr22:16067107:16072521:+	retained	1	True	True	LINE
chr22:16106230:16106353:+	retained	1	True	True	SINE
chr22:16414410:16454264:+	retained	1	True	True	LINE
chr22:16451812:16454494:-	retained	1	True	True	LINE
chr22:16454319:16515913:-	retained	1	True	True	LINE
chr22:16462358:16478201:+	retained	1	True	True	SINE
chr22:16495549:16515507:+	retained	1	True	True	LINE
chr22:16523428:16553039:+	retained	1	True	True	SINE
chr22:16544383:16554578:+	retained	1	True	True	SINE
chr22:16690281:16690572:-	retained	1	False	False	.
chr22:16710554:16769940:+	retained	1	True	True	LINE
chr22:16795842:16812549:-	retained	1	True	True	SINE
chr22:16839561:16885968:+	retained	1	True	True	SINE
chr22:16852916:16877351:+	retained	1	True	True	SINE
chr22:16890133:16899354:+	retained	2	True	True	LINE,LTR
chr22:16941703:16978448:-	retained	1	True	True	LINE
chr22:16958983:17053331:+	retained	1	True	True	SINE
chr22:16977179:17002840:-	retained	1	True	True	LINE
chr22:17078930:17123099:+	retained	2	True	True	SINE
chr22:17098888:17100354:+	retained	1	False	False	.
chr22:17102303:17103493:+	retained	1	False	False	.
chr22:17104811:17105590:+	retained	1	False	False	.
chr22:17132586:17154269:+	retained	2	True	True	SINE
chr22:17135001:17192764:+	retained	1	True	True	SINE
chr22:17136656:17137005:-	retained	1	True	True	SINE
chr22:17151517:17156397:+	retained	1	True	True	SINE
chr22:17156416:17227795:+	retained	1	True	True	SINE
chr22:17173368:17184845:-	retained	1	True	True	SINE
chr22:17203052:17219953:+	retained	2	True	True	SINE
chr22:17208739:17226468:+	retained	1	True	True	SINE
chr22:17221073:17273897:+	retained	1	True	True	SINE
chr22:17225347:17249373:-	retained	1	True	True	SINE
chr22:17254464:17271716:+	retained	1	True	True	SINE
chr22:17296771:17303446:+	retained	1	True	True	SINE
chr22:17302163:17352028:-	retained	1	True	True	SINE
chr22:17306293:17402078:+	retained	1	True	True	SINE
chr22:17321188:17324836:-	retained	2	True	True	SINE
chr22:17326073:17329695:-	retained	1	True	True	SINE
chr22:17335750:17375890:+	retained	1	True	True	SINE
chr22:17341209:17352025:-	retained	1	True	True	SINE
chr22:17343294:17358361:+	retained	1	True	True	SINE
chr22:17347462:17348254:-	retained	1	True	True	SINE
chr22:17349968:17410124:+	retained	1	True	True	SINE
chr22:17350215:17433533:-	retained	1	True	True	SINE
chr22:17353681:17402989:+	retained	1	True	True	SINE
chr22:17372604:17375890:+	retained	1	True	True	SINE
chr22:17372604:17454540:+	retained	1	True	True	SINE
chr22:17382126:17388189:+	retained	1	True	True	SINE
chr22:17397730:17404605:-	retained	1	True	True	SINE
chr22:17458274:17509109:+	retained	1	True	True	SINE
chr22:17481129:17495355:+	retained	1	True	True	SINE
chr22:17481218:17485648:-	retained	1	True	True	SINE
chr22:17564647:17584178:+	retained	1	True	True	SINE
chr22:17565317:17570721:+	retained	1	True	True	SINE
chr22:17574745:17578072:-	retained	1	True	True	SINE
chr22:17577003:17643756:+	retained	1	True	True	SINE
chr22:17584316:17591752:-	retained	1	True	True	SINE
chr22:17603403:17662705:+	retained	1	True	True	SINE
chr22:17630362:17660866:-	retained	1	True	True	SINE
chr22:17631342:17715426:-	retained	1	True	True	SINE
chr22:17634173:17644067:-	retained	1	True	True	LINE,SINE
chr22:17641034:17649240:+	retained	1	True	True	SINE
chr22:17641123:17651230:-	retained	1	True	True	SINE
chr22:17647869:17662561:-	retained	2	True	True	SINE
chr22:17651082:17654809:-	retained	1	True	True	SINE
chr22:17659268:17676366:+	retained	1	True	True	SINE
chr22:17660880:17720263:+	retained	1	True	True	SINE
chr22:17689143:17696140:+	retained	1	False	False	.
chr22:17713723:17737474:+	retained	1	True	True	SINE
chr22:17766370:17771187:-	retained	1	True	True	SINE
chr22:17839400:17840234:+	retained	1	True	True	SINE
chr22:17849777:17850493:-	retained	1	True	True	SINE
chr22:17852330:17852396:-	retained	1	False	False	.
chr22:17889231:17891484:-	retained	2	False	False	.
chr22:17896982:17899447:-	retained	1	False	False	.
chr22:17934451:17937726:-	retained	1	True	False	LINE
chr22:17958792:17969130:-	retained	1	True	True	SINE
chr22:17959609:18015571:-	retained	1	True	True	SINE
chr22:17973873:18039863:+	retained	1	True	True	SINE
chr22:17983127:18007475:+	retained	1	True	True	SINE
chr22:17988705:18022677:-	retained	1	True	True	SINE
chr22:18035366:18052288:-	retained	1	True	True	SINE
chr22:18052945:18053102:+	retained	2	True	True	LTR
chr22:18085731:18086156:+	retained	1	True	True	SINE
chr22:18091415:18102867:-	retained	1	True	True	SINE
chr22:18093278:18093587:-	retained	1	False	False	.
chr22:18160037:18230799:-	retained	1	True	True	SINE
chr22:18541263:18564671:-	retained	1	True	True	SINE
chr22:18542996:18599346:+	retained	1	True	True	SINE
chr22:18584653:18599178:-	retained	1	True	True	SINE
chr22:18600041:18601210:+	retained	1	True	True	SINE
chr22:18980429:18982495:+	retained	1	True	True	SINE
chr22:19016983:19022026:-	retained	1	True	True	SINE
chr22:19056190:19112147:-	retained	1	True	True	SINE
chr22:19068226:19089367:-	retained	1	False	False	.
chr22:19082130:19547578:-	retained	1	True	True	SINE
chr22:19082680:19094354:+	retained	1	True	True	SINE
chr22:19084623:19084925:+	retained	1	True	True	Retroposon
chr22:19091699:19142991:+	retained	1	True	True	SINE
chr22:19095132:19200609:+	retained	1	True	True	SINE
chr22:19105227:19141892:+	retained	1	True	True	SINE
chr22:19152418:19156921:+	retained	1	True	True	SINE
chr22:19176245:19176420:-	retained	1	False	False	.
chr22:19190084:19192208:+	retained	1	True	True	SINE
chr22:19226384:19229837:-	retained	1	False	False	.
chr22:19272585:19311340:-	retained	1	True	True	SINE
chr22:19280749:19282258:+	retained	1	True	True	SINE
chr22:19296682:19586858:-	retained	1	True	True	LTR
chr22:19303809:19306897:+	retained	1	True	True	SINE
chr22:19326814:19367461:+	retained	1	True	True	SINE
chr22:19421754:19434304:-	retained	1	True	True	SINE
chr22:19421831:19458602:-	retained	1	True	True	SINE
chr22:19434454:19458673:-	retained	1	True	True	SINE
chr22:19434895:19435637:+	retained	1	False	False	.
chr22:19462560:19466724:+	retained	1	True	True	SINE
chr22:19487067:19488948:+	retained	1	True	True	SINE
chr22:19528486:19531704:+	retained	1	True	True	SINE
chr22:19581016:19582173:+	retained	1	True	True	SINE
chr22:19581695:19586668:+	retained	1	True	True	SINE
chr22:19631688:19639201:+	retained	1	True	True	SINE
chr22:19775057:19860446:+	retained	1	True	True	SINE
chr22:19780897:19809888:-	retained	1	True	True	SINE
chr22:19852487:19854442:-	retained	1	False	False	.
chr22:19931766:19945928:+	retained	2	True	True	SINE
chr22:19934722:19957109:-	retained	1	True	True	SINE
chr22:19946392:19948563:+	retained	1	True	True	SINE
chr22:20001573:20030968:+	retained	1	True	True	SINE
chr22:20023800:20026812:+	retained	1	True	False	SINE
chr22:20050507:20119658:+	retained	1	True	True	SINE
chr22:20068437:20072466:-	retained	3	True	True	SINE
chr22:20072408:20095193:-	retained	1	True	True	SINE
chr22:20120790:20176105:+	retained	1	True	True	SINE
chr22:20141013:20141216:+	retained	1	False	False	.
chr22:20377533:20378901:-	retained	1	True	True	SINE
chr22:20391002:20411306:+	retained	1	True	True	SINE
chr22:20391989:20392304:+	retained	1	True	True	LTR
chr22:20443565:20461924:-	retained	1	True	True	SINE
chr22:20443788:20461838:-	retained	1	True	True	SINE
chr22:20447774:20521327:-	retained	1	True	True	SINE
chr22:20460496:20461439:-	retained	1	True	True	SINE
chr22:20479471:20485636:+	retained	1	True	True	SINE
chr22:20485606:20502685:+	retained	1	True	True	SINE
chr22:20487458:20539346:+	retained	1	True	True	SINE
chr22:20503400:20594777:+	retained	1	True	True	SINE
chr22:20535101:20597794:+	retained	1	True	True	SINE
chr22:20535194:20536111:+	retained	1	True	True	SINE
chr22:20602055:20619985:+	retained	1	True	True	SINE
chr22:20656198:20681937:+	retained	1	True	True	SINE
chr22:20705798:20712332:+	retained	1	True	True	SINE
chr22:20708099:20709295:-	retained	2	False	False	.
chr22:20715166:20771676:+	retained	1	True	True	SINE
chr22:20730363:20745926:-	retained	2	True	True	SINE
chr22:20730418:20759546:+	retained	1	True	True	SINE
chr22:20746158:20771676:+	retained	1	True	True	SINE
chr22:20751756:20752902:-	retained	1	False	False	.
chr22:20756294:20759485:-	retained	1	True	True	SINE
chr22:20758288:20774683:-	retained	1	True	True	SINE
chr22:20761387:20764816:-	retained	1	False	False	.
chr22:20789440:20801134:-	retained	1	True	True	SINE
chr22:20806439:20811782:+	retained	1	True	True	SINE
chr22:20807459:20810966:-	retained	1	False	False	.
chr22:20870534:20881048:+	retained	1	False	False	.
chr22:20878327:20915174:+	retained	1	True	True	SINE
chr22:20880442:20894499:+	retained	1	True	True	SINE
chr22:20911568:20912025:-	retained	1	True	True	SINE
chr22:20912158:20912851:-	retained	1	True	True	SINE
chr22:20941786:20949318:+	retained	1	True	True	SINE
chr22:21005589:21019441:+	retained	1	True	True	SINE
chr22:21019457:21039072:+	retained	1	True	True	SINE
chr22:21038206:21091996:-	retained	1	True	True	SINE
chr22:21059079:21096892:-	retained	1	True	True	SINE
chr22:21062906:21087457:-	retained	1	True	True	SINE
chr22:21081609:21089551:+	retained	1	True	True	SINE
chr22:21089552:21159157:+	retained	1	True	True	SINE
chr22:21135167:21137569:+	retained	1	True	True	SINE
chr22:21198527:21224440:-	retained	1	True	True	SINE
chr22:21200756:21214302:-	retained	1	True	True	SINE
chr22:21336585:21395597:-	retained	1	True	True	SINE
chr22:21352921:21378026:-	retained	1	True	True	SINE
chr22:21376361:21379278:-	retained	1	True	True	SINE
chr22:21391720:21392384:+	retained	2	True	True	SINE
chr22:21428775:21485222:-	retained	1	True	True	SINE
chr22:21457948:21461387:-	retained	1	True	True	SINE
chr22:21480003:21483019:-	retained	1	False	False	.
chr22:21527882:21559716:-	retained	1	True	False	SINE
chr22:21529309:21608626:-	retained	1	True	True	SINE
chr22:21560610:21597137:-	retained	1	True	True	SINE
chr22:21584530:21678261:+	retained	1	True	True	SINE
chr22:21586380:21586681:-	retained	1	True	True	SINE
chr22:21588806:21597932:+	retained	1	True	True	SINE
chr22:21600094:21600477:-	retained	1	True	True	SINE
chr22:21600174:21647431:-	retained	1	True	True	SINE
chr22:21601030:21658922:+	retained	1	True	True	SINE
chr22:21604437:21621103:+	retained	1	True	True	SINE
chr22:21611044:21621514:+	retained	2	False	False	.
chr22:21638656:21647345:-	retained	1	True	True	SINE
chr22:21644875:21650619:+	retained	1	True	True	SINE
chr22:21656236:21687411:+	retained	2	True	True	SINE
chr22:21659849:21719886:-	retained	1	True	True	SINE
chr22:21659849:21729475:-	retained	1	True	True	SINE
chr22:21666549:21709513:-	retained	1	True	True	SINE
chr22:21681391:21682436:+	retained	1	False	False	.
chr22:21684067:21687411:+	retained	1	True	True	SINE
chr22:21708838:21730391:+	retained	1	True	True	SINE
chr22:21721056:21751637:-	retained	1	True	True	SINE
chr22:21723579:22145692:+	retained	1	True	True	SINE
chr22:21741065:21783334:-	retained	1	True	True	SINE
chr22:21747683:21769511:+	retained	1	True	True	SINE
chr22:21772983:21788256:-	retained	1	False	False	.
chr22:21784602:21785869:+	retained	1	True	True	SINE
chr22:21804840:21815778:+	retained	1	True	True	SINE
chr22:21810549:21890045:+	retained	1	True	True	SINE
chr22:21831251:21853254:-	retained	1	True	True	SINE
chr22:21839241:21852715:-	retained	2	True	True	SINE
chr22:21854425:21931753:+	retained	1	True	True	SINE
chr22:21882466:21889125:-	retained	1	True	True	SINE
chr22:21886749:21891332:+	retained	1	True	True	SINE
chr22:21889277:21906872:+	retained	2	True	True	SINE
chr22:21917145:21934820:+	retained	1	True	True	SINE
chr22:21934654:22013012:+	retained	1	True	True	SINE
chr22:21939681:21945842:-	retained	1	False	False	.
chr22:21942359:21993610:-	retained	1	True	True	SINE
chr22:21951578:22016666:-	retained	1	True	True	SINE
chr22:21969537:22003475:+	retained	1	True	True	SINE
chr22:21983635:21986998:-	retained	1	True	True	SINE
chr22:22232132:22237018:-	retained	1	True	True	SINE
chr22:22247263:22262188:+	retained	1	True	True	SINE
chr22:22255822:22259764:+	retained	2	True	True	SINE
chr22:22385400:22402587:+	retained	1	True	True	SINE
chr22:22476399:22496375:+	retained	1	True	True	SINE
chr22:22479792:22483503:+	retained	1	True	True	SINE
chr22:22480271:22543324:+	retained	1	True	True	SINE
chr22:22527111:22556392:-	retained	1	True	True	SINE
chr22:22533093:22556588:+	retained	1	True	True	SINE
chr22:22590267:22626335:-	retained	1	True	True	SINE
chr22:22795100:22800510:+	retained	1	True	True	SINE
chr22:22828697:22836165:+	retained	1	False	True	LINE
chr22:22901188:22906553:-	retained	6	False	False	.
chr22:22905026:22906341:+	retained	5	False	False	.
chr22:22915825:22919750:-	retained	1	False	False	.
chr22:22915876:22919801:+	retained	23	False	False	.
chr22:23121976:23153933:-	retained	1	True	True	SINE
chr22:23138302:23154865:-	retained	1	True	True	SINE
chr22:23170001:23174871:+	retained	1	True	True	SINE
chr22:23178032:23186966:-	retained	1	True	True	SINE
chr22:23199639:23226316:+	retained	1	False	True	Simple_repeat
chr22:23261668:23266625:+	retained	1	True	True	SINE
chr22:23271593:23273080:+	retained	1	False	True	Simple_repeat
chr22:23320187:23408059:+	retained	1	True	True	SINE
chr22:23384460:23435658:+	retained	1	False	True	SINE
chr22:23442429:23445929:+	retained	1	True	True	SINE
chr22:23491869:23558284:+	retained	1	True	True	SINE
chr22:23537911:23546743:+	retained	1	True	True	LTR
chr22:23547026:23955680:-	retained	1	True	True	LTR
chr22:23572323:23593718:-	retained	1	True	True	SINE
chr22:23590742:23648388:+	retained	1	True	True	SINE
chr22:23641842:23644521:+	retained	1	True	True	SINE
chr22:23644531:23648495:-	retained	2	True	True	SINE
chr22:23656916:23661634:-	retained	1	True	True	SINE
chr22:23660514:23737439:+	retained	1	True	True	SINE
chr22:23660540:23669241:+	retained	1	True	True	SINE
chr22:23709242:23709785:-	retained	1	True	True	LINE
chr22:23713526:23777663:+	retained	1	True	True	SINE
chr22:23713526:23731015:+	retained	1	True	True	SINE
chr22:23721928:23762349:-	retained	1	True	True	SINE
chr22:23723472:23724288:+	retained	1	True	True	SINE
chr22:23724859:23747571:-	retained	1	True	True	SINE
chr22:23725906:23727710:-	retained	1	True	True	SINE
chr22:23736848:23794895:-	retained	1	True	True	SINE
chr22:23749272:23755038:-	retained	1	True	True	SINE
chr22:23756286:23777084:+	retained	1	True	True	SINE
chr22:23759401:23814892:-	retained	2	True	True	SINE
chr22:23770206:23788493:-	retained	1	True	True	SINE
chr22:23795592:23869423:+	retained	1	True	True	SINE
chr22:23797573:23804671:+	retained	2	True	True	SINE
chr22:23838446:23838563:-	retained	1	False	False	.
chr22:23838777:23838894:-	retained	1	False	False	.
chr22:23853636:23861077:-	retained	1	True	True	SINE
chr22:23887217:23935715:+	retained	1	True	True	SINE
chr22:23894945:23895039:+	retained	2	False	False	.
chr22:23919158:23934306:-	retained	1	True	True	SINE
chr22:23923689:23935647:-	retained	1	True	True	SINE
chr22:24021963:24026251:+	retained	1	True	True	SINE
chr22:24072511:24076168:+	retained	1	False	False	.
chr22:24164564:24165529:+	retained	1	False	False	.
chr22:24174346:24204969:-	retained	1	True	True	SINE
chr22:24187451:24187570:+	retained	1	False	False	.
chr22:24195426:24218566:-	retained	1	True	True	SINE
chr22:24201488:24203515:+	retained	1	True	True	SINE
chr22:24210766:24220944:+	retained	1	True	True	SINE
chr22:24229025:24333163:+	retained	1	True	True	SINE
chr22:24269943:24279808:-	retained	1	True	True	SINE
chr22:24283027:24363475:-	retained	1	True	True	SINE
chr22:24317326:24317496:-	retained	1	True	True	Retroposon
chr22:24338478:24347085:+	retained	1	False	False	.
chr22:24343543:24347757:-	retained	1	True	True	SINE
chr22:24343604:24389259:+	retained	1	True	True	SINE
chr22:24389260:24396440:+	retained	1	True	True	SINE
chr22:24461423:24479722:-	retained	1	True	True	SINE
chr22:24503028:24538923:+	retained	1	True	True	SINE
chr22:24510169:24540014:+	retained	1	True	True	SINE
chr22:24518040:24575500:-	retained	2	True	True	SINE
chr22:24547006:24547907:-	retained	1	False	False	.
chr22:24568177:24571915:+	retained	2	False	False	.
chr22:24613980:24616043:+	retained	1	True	True	SINE
chr22:24622127:24693842:+	retained	1	True	True	SINE
chr22:24639479:24639649:+	retained	1	True	True	SINE
chr22:24669255:24726370:-	retained	1	True	True	SINE
chr22:24714746:24759036:+	retained	1	True	True	SINE
chr22:24750906:24767317:-	retained	1	True	True	SINE
chr22:24763227:24768336:-	retained	1	True	True	SINE
chr22:24779602:24817495:+	retained	1	True	True	SINE
chr22:24779703:24784910:-	retained	1	True	True	SINE
chr22:24794921:24795423:-	retained	1	True	True	SINE
chr22:24846110:24858018:-	retained	1	True	True	SINE
chr22:24850433:24854995:+	retained	1	False	False	.
chr22:24855431:24855548:+	retained	1	False	False	.
chr22:24858091:24900134:-	retained	1	True	True	SINE
chr22:24863824:24890622:-	retained	1	True	True	SINE
chr22:24869379:24903830:+	retained	1	True	True	SINE
chr22:24880383:24889899:-	retained	1	True	True	SINE
chr22:24892834:24913806:+	retained	1	True	True	SINE
chr22:24894025:24963655:+	retained	1	True	False	LINE
chr22:24912464:24913941:+	retained	1	True	True	SINE
chr22:24922340:24922634:-	retained	1	True	True	SINE
chr22:24956763:25017273:-	retained	1	True	True	SINE
chr22:24959925:24963150:+	retained	1	True	True	SINE
chr22:24961129:25042727:-	retained	1	True	True	SINE
chr22:24963726:24965525:+	retained	1	True	True	SINE
chr22:24980829:25012354:-	retained	1	True	True	SINE
chr22:25000753:25011384:+	retained	1	True	True	SINE
chr22:25011781:25031169:+	retained	1	True	True	SINE
chr22:25036163:25104060:-	retained	1	True	True	SINE
chr22:25060460:25107665:+	retained	1	True	True	SINE
chr22:25073211:25118431:+	retained	1	True	True	SINE
chr22:25093790:25141333:-	retained	1	True	True	SINE,Simple_repeat
chr22:25177523:25181698:+	retained	1	False	False	.
chr22:25204605:25245855:+	retained	1	True	True	SINE
chr22:25205692:25210309:-	retained	1	True	True	SINE
chr22:25243015:25251503:-	retained	1	True	True	SINE
chr22:25307019:25355256:+	retained	1	True	True	SINE
chr22:25307783:25320987:+	retained	1	True	True	SINE
chr22:25315150:25374980:-	retained	1	True	False	SINE
chr22:25333017:25342783:-	retained	1	False	True	LINE
chr22:25335035:25385010:+	retained	1	True	True	SINE
chr22:25353223:25378377:-	retained	1	True	True	SINE
chr22:25414307:25429008:+	retained	1	True	True	SINE
chr22:25486913:25550797:-	retained	1	True	True	SINE
chr22:25520734:25521237:+	retained	1	True	True	LTR
chr22:25527561:25577267:+	retained	1	True	True	SINE
chr22:25537239:25577254:-	retained	1	True	True	SINE
chr22:25594765:25595698:+	retained	1	True	True	SINE
chr22:25595716:25674852:+	retained	1	True	True	SINE
chr22:25600389:25611110:-	retained	1	True	True	SINE
chr22:25678240:25686006:+	retained	1	True	True	SINE
chr22:25721398:25722288:+	retained	1	False	False	.
chr22:25789507:25802623:+	retained	1	True	True	SINE
chr22:25983286:25984713:-	retained	1	True	True	SINE
chr22:25989721:25997227:-	retained	1	True	True	SINE
chr22:26043897:26129564:+	retained	1	True	True	LINE,SINE
chr22:26304094:26389655:-	retained	1	True	True	SINE
chr22:26310276:26329207:-	retained	1	True	True	SINE
chr22:26310459:26376671:-	retained	1	True	True	SINE
chr22:26342571:26392317:-	retained	1	True	True	SINE
chr22:26343343:26392448:-	retained	1	False	True	SINE
chr22:26365791:26415313:-	retained	1	True	True	SINE
chr22:26477137:26479264:-	retained	1	False	False	.
chr22:26490646:26495043:-	retained	1	True	True	SINE
chr22:26502053:26503665:-	retained	1	False	False	.
chr22:26515157:26587483:+	retained	1	True	True	SINE
chr22:26528263:26532694:-	retained	1	False	False	.
chr22:26575765:26576865:+	retained	1	True	True	SINE
chr22:26577754:26627743:+	retained	1	True	True	SINE
chr22:26585836:26649699:+	retained	1	True	True	SINE
chr22:26772973:26773300:-	retained	2	True	True	Retroposon
chr22:26773021:26773443:-	retained	1	True	True	Retroposon
chr22:26939316:26951176:-	retained	1	True	True	SINE
chr22:27250091:27254473:+	retained	1	True	True	SINE
chr22:27453034:27530510:+	retained	1	True	True	SINE
chr22:27546947:27590271:-	retained	1	True	True	SINE
chr22:27595303:27605187:-	retained	1	True	True	SINE
chr22:27628909:27647396:-	retained	1	True	True	SINE
chr22:27643972:27688819:+	retained	1	False	True	SINE
chr22:27663595:27668254:-	retained	1	True	True	SINE
chr22:27742345:27745097:+	retained	1	True	True	LTR
chr22:27771342:27822075:-	retained	1	True	True	SINE
chr22:27771490:27833220:+	retained	1	True	True	SINE
chr22:27847644:27910093:+	retained	1	True	True	SINE
chr22:27853664:27854853:-	retained	1	False	False	.
chr22:27860242:27873737:-	retained	1	False	False	.
chr22:27891812:27987444:+	retained	1	True	False	LTR
chr22:27899985:27903251:-	retained	1	True	True	SINE
chr22:27938072:27956497:-	retained	1	True	True	SINE
chr22:27939253:27958284:-	retained	1	True	True	SINE
chr22:28036892:28039958:-	retained	1	True	True	LINE
chr22:28060816:28060878:-	retained	5	True	True	LINE
chr22:28105803:28107061:-	retained	1	False	False	.
chr22:28110839:28118302:+	retained	1	True	True	SINE
chr22:28164006:28191650:-	retained	1	True	True	LINE
chr22:28169605:28492044:+	retained	1	True	True	LINE
chr22:28276291:28292503:+	retained	1	True	True	SINE
chr22:28296329:28297579:-	retained	1	False	False	.
chr22:28304055:28324220:+	retained	1	True	True	SINE
chr22:28343466:28417410:+	retained	1	True	True	SINE
chr22:28386062:28478294:+	retained	2	True	True	SINE
chr22:28417177:28426102:-	retained	1	True	True	SINE
chr22:28458716:28478344:-	retained	1	True	True	SINE
chr22:28561309:28590361:-	retained	1	True	True	SINE
chr22:28587081:28590867:+	retained	1	True	True	SINE
chr22:28614810:28665304:-	retained	1	True	True	LINE
chr22:28620115:28717637:+	retained	1	True	True	SINE
chr22:28627663:28672398:-	retained	1	True	True	SINE
chr22:28634728:28722008:+	retained	1	True	True	SINE
chr22:28644185:28647624:+	retained	1	True	True	SINE
chr22:28697621:28713411:+	retained	1	True	True	SINE
chr22:28702783:28709851:+	retained	2	True	True	SINE
chr22:28705708:28717656:-	retained	1	True	True	SINE
chr22:28755027:28764687:-	retained	2	True	True	SINE
chr22:28762122:28782597:-	retained	1	True	True	SINE
chr22:28766401:28772017:-	retained	2	True	True	SINE
chr22:28777989:28781786:+	retained	1	True	True	SINE
chr22:28782402:28789971:+	retained	2	True	True	SINE
chr22:28792724:28881650:-	retained	1	True	True	SINE
chr22:28795733:28796046:-	retained	2	False	False	.
chr22:28796193:28797076:-	retained	1	False	False	.
chr22:28797206:28799056:-	retained	4	False	False	.
chr22:28803555:28833511:+	retained	1	False	True	Low_complexity
chr22:28848874:28901102:-	retained	1	True	True	SINE
chr22:28852242:28886745:+	retained	1	True	True	SINE
chr22:28860591:28907241:-	retained	1	True	True	SINE
chr22:28863874:28945431:-	retained	1	True	True	SINE
chr22:28864038:28874697:+	retained	1	True	True	SINE
chr22:28876061:28894099:+	retained	1	True	True	SINE
chr22:28879456:28920424:-	retained	1	True	True	SINE
chr22:28908992:28957534:+	retained	1	True	True	SINE
chr22:28967023:28974100:+	retained	1	True	True	SINE
chr22:28968492:28981778:-	retained	1	True	True	SINE
chr22:29006296:29064935:-	retained	1	True	True	SINE
chr22:29027392:29056244:+	retained	1	True	True	SINE
chr22:29042863:29063955:-	retained	1	True	True	SINE
chr22:29056197:29063962:+	retained	1	True	True	SINE
chr22:29121482:29125262:+	retained	1	False	False	.
chr22:29122709:29170239:+	retained	1	True	True	SINE
chr22:29133411:29174011:-	retained	1	True	True	SINE
chr22:29142932:29168116:-	retained	1	True	True	SINE
chr22:29151797:29168121:+	retained	1	True	True	SINE
chr22:29182264:29219519:-	retained	1	True	True	SINE
chr22:29185569:29237263:-	retained	1	True	True	SINE
chr22:29214515:29221531:-	retained	1	False	True	SINE
chr22:29228262:29230268:+	retained	1	True	True	SINE
chr22:29239842:29247060:-	retained	1	True	True	SINE
chr22:29240044:29282994:-	retained	1	True	True	SINE
chr22:29251061:29284111:+	retained	1	True	True	SINE
chr22:29272253:29272379:+	retained	1	False	False	.
chr22:29322709:29323428:+	retained	1	True	True	SINE
chr22:29322709:29370244:+	retained	1	True	True	SINE
chr22:29323268:29324854:+	retained	1	True	True	SINE
chr22:29359960:29363000:-	retained	1	False	False	.
chr22:29379180:29389510:-	retained	1	True	True	SINE
chr22:29387539:29394572:-	retained	1	True	True	SINE
chr22:29452729:29486273:-	retained	1	True	True	SINE
chr22:29499374:29504938:-	retained	1	True	True	SINE
chr22:29515137:29518128:+	retained	1	True	True	SINE
chr22:29515273:29560478:-	retained	1	True	True	SINE
chr22:29528178:29528425:-	retained	1	False	False	.
chr22:29532751:29537664:+	retained	1	True	True	SINE
chr22:29532914:29574714:+	retained	1	True	True	SINE
chr22:29538567:29538879:+	retained	1	True	True	SINE
chr22:29556998:29560494:-	retained	1	True	True	SINE
chr22:29572226:29613453:-	retained	1	True	True	SINE
chr22:29573280:29578280:-	retained	1	True	True	SINE
chr22:29576256:29593153:+	retained	1	True	True	SINE
chr22:29642286:29654656:+	retained	1	False	False	.
chr22:29665065:29668332:+	retained	1	False	False	.
chr22:29760137:29763228:+	retained	1	True	True	SINE
chr22:29777865:29847182:+	retained	2	True	True	SINE
chr22:29781755:29783661:-	retained	1	True	True	SINE
chr22:29785597:29819303:+	retained	1	True	True	SINE
chr22:29793677:29800990:-	retained	1	False	False	.
chr22:29801111:29801993:-	retained	1	False	False	.
chr22:29802827:29824369:-	retained	1	True	True	SINE
chr22:29813691:29820671:-	retained	2	True	True	SINE
chr22:29822951:29861076:-	retained	1	True	True	SINE
chr22:29823134:29881199:+	retained	1	True	True	SINE
chr22:29826459:29897219:+	retained	2	True	True	SINE
chr22:29847680:29869209:+	retained	1	True	True	SINE
chr22:29852728:29955987:+	retained	1	True	True	SINE
chr22:29854912:29876310:-	retained	1	True	True	SINE
chr22:29864549:29865751:-	retained	1	True	True	SINE
chr22:29864554:29881891:+	retained	1	True	True	SINE
chr22:29865554:29869107:-	retained	1	True	True	SINE
chr22:29912427:29973742:+	retained	1	True	True	SINE
chr22:29950452:29955077:-	retained	1	True	True	SINE
chr22:29979053:29988479:+	retained	2	False	False	.
chr22:29981616:30069095:-	retained	1	True	True	SINE
chr22:29986972:30071673:-	retained	1	True	True	SINE
chr22:29989343:30006671:-	retained	1	True	True	SINE
chr22:29999935:30070055:-	retained	1	True	True	SINE
chr22:30009130:30012367:+	retained	1	False	False	.
chr22:30022698:30025629:+	retained	1	False	False	.
chr22:30049846:30055825:+	retained	1	True	True	SINE
chr22:30089587:30125463:+	retained	1	True	True	SINE
chr22:30141179:30201599:+	retained	1	True	True	SINE
chr22:30213174:30217324:+	retained	1	False	True	SINE
chr22:30269405:30323728:+	retained	1	True	True	SINE
chr22:30278930:30317402:-	retained	1	True	True	SINE
chr22:30295844:30299443:-	retained	1	False	False	.
chr22:30299826:30300307:+	retained	1	True	True	SINE
chr22:30323739:30388659:+	retained	1	True	True	SINE
chr22:30331883:30385090:+	retained	1	True	True	SINE
chr22:30335539:30335651:-	retained	2	False	False	.
chr22:30335754:30337025:-	retained	1	False	False	.
chr22:30339252:30340195:-	retained	1	False	False	.
chr22:30346520:30352950:-	retained	1	False	False	.
chr22:30352124:30352409:-	retained	1	False	False	.
chr22:30394693:30462879:+	retained	1	True	True	SINE
chr22:30412683:30413443:+	retained	1	True	True	SINE
chr22:30418181:30420081:+	retained	1	True	True	SINE
chr22:30426845:30427170:+	retained	1	False	False	.
chr22:30458909:30497428:+	retained	2	True	True	SINE
chr22:30460621:30480570:+	retained	1	True	True	SINE
chr22:30474026:30531506:-	retained	1	True	True	SINE
chr22:30488058:30497383:+	retained	1	True	True	SINE
chr22:30488122:30505054:-	retained	1	True	True	SINE
chr22:30489383:30499083:+	retained	1	True	True	SINE
chr22:30499896:30567298:+	retained	1	True	True	SINE
chr22:30500133:30529706:+	retained	3	True	True	SINE
chr22:30502089:30506362:-	retained	1	True	True	SINE
chr22:30503508:30567927:-	retained	1	True	True	SINE
chr22:30508824:30568979:+	retained	1	True	True	SINE
chr22:30528370:30546007:-	retained	1	True	True	SINE
chr22:30541737:30599803:+	retained	1	True	True	SINE
chr22:30550799:30556877:+	retained	1	True	True	SINE
chr22:30551582:30600422:-	retained	1	True	True	SINE
chr22:30579304:30579750:-	retained	3	False	False	.
chr22:30581645:30584364:-	retained	1	False	False	.
chr22:30588565:30616587:+	retained	1	True	True	SINE
chr22:30607396:30610870:+	retained	1	False	False	.
chr22:30609266:30633796:-	retained	1	True	True	SINE
chr22:30625586:30656234:-	retained	1	True	True	SINE
chr22:30630556:30633061:-	retained	1	True	True	SINE
chr22:30645485:30747370:-	retained	1	True	True	SINE
chr22:30666483:30672540:+	retained	1	True	False	SINE
chr22:30689411:30705421:+	retained	1	True	True	SINE
chr22:30703731:30707351:-	retained	1	True	True	SINE
chr22:30724361:30795662:+	retained	2	True	True	SINE
chr22:30728035:30749045:+	retained	1	True	True	SINE
chr22:30741902:30759943:-	retained	1	True	True	SINE
chr22:30748898:30756476:-	retained	1	True	True	SINE
chr22:30758142:30858618:-	retained	1	True	True	SINE
chr22:30759950:30765297:-	retained	1	True	True	SINE
chr22:30763505:30862831:+	retained	1	True	True	SINE
chr22:30780729:30786253:-	retained	1	True	True	SINE
chr22:30785000:30795136:-	retained	1	True	True	SINE
chr22:30785052:30797871:+	retained	1	True	True	SINE
chr22:30793249:30843727:+	retained	1	True	True	SINE
chr22:30841024:30845289:+	retained	1	True	True	SINE
chr22:30895861:30920229:-	retained	1	True	True	SINE
chr22:30913339:30914663:+	retained	1	True	True	SINE
chr22:30937038:30937582:-	retained	1	False	False	.
chr22:30938206:30939620:-	retained	1	False	False	.
chr22:31005081:31013847:-	retained	1	True	True	SINE
chr22:31010153:31022567:-	retained	1	True	True	SINE
chr22:31010153:31038416:-	retained	1	True	True	SINE
chr22:31034976:31050585:+	retained	3	True	True	SINE
chr22:31037900:31117480:+	retained	1	True	True	SINE
chr22:31061554:31116733:-	retained	1	True	True	SINE
chr22:31074283:31074700:+	retained	1	True	True	SINE
chr22:31088778:31088871:+	retained	1	False	True	Simple_repeat
chr22:31090020:31090107:+	retained	1	False	False	.
chr22:31108868:31121149:+	retained	1	True	True	SINE
chr22:31112496:31129475:+	retained	1	True	True	SINE
chr22:31129626:31145755:-	retained	1	True	True	SINE
chr22:31132509:31172256:+	retained	1	True	True	SINE
chr22:31152621:31157745:+	retained	2	True	True	SINE
chr22:31154746:31165153:+	retained	1	True	True	SINE
chr22:31156828:31220744:-	retained	1	True	True	SINE
chr22:31163027:31164109:+	retained	1	True	True	SINE
chr22:31183038:31213929:-	retained	1	True	True	SINE
chr22:31203916:31287168:-	retained	1	True	True	SINE
chr22:31212425:31225719:+	retained	1	False	False	.
chr22:31257141:31287267:-	retained	1	True	True	SINE
chr22:31272311:31274636:+	retained	1	True	True	SINE
chr22:31274544:31298567:+	retained	1	True	True	SINE
chr22:31289700:31290964:-	retained	1	False	False	.
chr22:31307833:31310793:-	retained	1	True	True	SINE
chr22:31312376:31358221:+	retained	1	True	True	SINE
chr22:31358537:31412076:+	retained	1	True	True	SINE
chr22:31361524:31424707:+	retained	1	True	True	SINE
chr22:31366546:31387714:+	retained	1	True	True	SINE
chr22:31371140:31372064:-	retained	1	True	True	SINE
chr22:31376095:31389780:-	retained	1	True	True	SINE
chr22:31406249:31413858:-	retained	1	True	True	SINE
chr22:31413863:31427967:-	retained	1	True	True	SINE
chr22:31466182:31499757:+	retained	1	True	True	SINE
chr22:31482928:31512258:+	retained	1	True	True	SINE
chr22:31485571:31542367:-	retained	1	True	True	SINE
chr22:31505654:31516723:+	retained	1	True	True	SINE
chr22:31512600:31576721:-	retained	1	True	True	SINE
chr22:31522150:31560483:-	retained	1	True	True	SINE
chr22:31546598:31554585:+	retained	1	True	True	SINE
chr22:31546745:31549642:+	retained	1	True	True	SINE
chr22:31546745:31553650:+	retained	1	True	True	SINE
chr22:31547399:31583201:-	retained	2	True	True	SINE
chr22:31551680:31571426:-	retained	1	True	True	SINE
chr22:31553444:31572589:-	retained	1	True	True	SINE
chr22:31582334:31651045:-	retained	1	True	True	SINE
chr22:31607343:31667259:-	retained	2	True	True	SINE
chr22:31612303:31648589:-	retained	1	True	True	SINE
chr22:31639282:31651208:-	retained	1	True	True	SINE
chr22:31640812:31659814:-	retained	1	True	True	SINE
chr22:31640976:31644327:-	retained	3	True	True	SINE
chr22:31650414:32010984:-	retained	1	True	True	SINE
chr22:31652594:31660439:+	retained	1	True	True	SINE
chr22:31652594:31652825:+	retained	1	True	True	SINE
chr22:31657654:31702646:-	retained	1	True	True	SINE
chr22:31664147:31677360:-	retained	1	True	True	SINE
chr22:31664801:31668889:-	retained	2	True	True	SINE
chr22:31667289:31669899:+	retained	1	True	True	SINE
chr22:31674734:31686453:-	retained	1	False	True	SINE
chr22:31686242:31690784:+	retained	2	True	True	SINE
chr22:31687497:31718398:+	retained	1	True	True	SINE
chr22:31699119:31740301:-	retained	1	True	True	SINE
chr22:31709896:31740347:+	retained	1	True	True	SINE
chr22:31710205:31774884:+	retained	1	True	True	SINE
chr22:31718010:31811151:-	retained	1	True	True	SINE
chr22:31720502:31740910:+	retained	1	True	True	SINE
chr22:31728395:31800758:-	retained	1	True	True	SINE
chr22:31743225:31745299:-	retained	1	True	True	SINE
chr22:31751556:31763221:-	retained	1	True	True	SINE
chr22:31754980:31758545:+	retained	1	False	False	.
chr22:31756016:31764072:+	retained	1	True	True	SINE
chr22:31759605:31765519:-	retained	1	True	True	SINE
chr22:31759771:31764017:-	retained	1	True	True	SINE
chr22:31761567:31786159:+	retained	2	True	True	SINE
chr22:31799187:31873935:+	retained	1	True	True	SINE
chr22:31805583:31808342:-	retained	1	True	True	SINE
chr22:31806192:31809610:+	retained	1	False	False	.
chr22:31885511:31963509:+	retained	1	True	True	SINE
chr22:31885600:31909773:-	retained	1	True	True	SINE
chr22:31885893:31894703:+	retained	1	True	True	SINE
chr22:31887275:31894699:-	retained	1	True	True	SINE
chr22:31909992:31916165:+	retained	2	True	True	SINE
chr22:31932756:31962137:-	retained	1	True	True	SINE
chr22:31949641:31968992:+	retained	1	True	True	SINE
chr22:31960586:31963506:-	retained	1	True	True	SINE
chr22:31965006:31967256:-	retained	1	True	True	SINE
chr22:31966249:32036645:-	retained	1	True	True	SINE
chr22:32013052:32075166:-	retained	1	True	True	SINE
chr22:32029520:32065086:+	retained	2	True	True	SINE
chr22:32235082:32262247:-	retained	1	False	True	LINE
chr22:32246623:32301057:+	retained	1	True	True	SINE
chr22:32265715:32279150:-	retained	1	True	True	SINE
chr22:32399760:32401746:-	retained	1	False	False	.
chr22:32413736:32449982:-	retained	1	True	True	SINE
chr22:32427758:32478623:+	retained	2	True	True	SINE
chr22:32448680:32469004:-	retained	2	True	True	SINE
chr22:32448725:32530789:+	retained	1	True	True	SINE
chr22:32459437:32523285:+	retained	1	True	True	SINE
chr22:32485210:32487744:+	retained	1	False	False	.
chr22:32500775:32537394:+	retained	1	True	True	SINE
chr22:32500788:32520385:-	retained	1	True	True	SINE
chr22:32523298:32525492:+	retained	1	True	True	SINE
chr22:32565794:32597297:-	retained	1	True	True	SINE
chr22:32565826:32608181:-	retained	1	True	True	SINE
chr22:32639186:32642660:-	retained	1	True	True	SINE
chr22:32710371:32742013:-	retained	1	True	True	SINE
chr22:32726345:32834373:+	retained	1	True	True	SINE
chr22:32756112:32756313:-	retained	3	True	True	LINE
chr22:32857361:32858016:+	retained	1	False	False	.
chr22:32915222:32946640:+	retained	1	True	True	LINE
chr22:32948660:32981507:-	retained	1	True	True	SINE
chr22:32977531:33002428:+	retained	1	True	True	SINE
chr22:33003067:33023417:-	retained	1	True	True	LTR
chr22:33034378:33086683:+	retained	1	True	True	SINE
chr22:33074444:33115347:+	retained	1	True	True	SINE
chr22:33155014:33157004:-	retained	1	True	True	LTR
chr22:33319627:33322049:-	retained	1	True	True	SINE
chr22:33369712:33408123:+	retained	1	True	True	SINE
chr22:33369712:33422652:+	retained	1	True	True	SINE
chr22:33501975:33503582:-	retained	1	True	True	SINE
chr22:33527069:33547605:-	retained	1	True	True	SINE
chr22:33531240:33536893:-	retained	1	True	True	SINE
chr22:33547730:33591136:+	retained	1	True	True	SINE
chr22:33565020:33604434:-	retained	1	False	False	.
chr22:33599654:33631116:+	retained	1	False	True	SINE
chr22:33689798:33768179:+	retained	1	True	True	SINE
chr22:33689850:33728461:-	retained	1	True	True	SINE
chr22:33696377:33716516:-	retained	1	True	True	SINE
chr22:33749345:33764080:-	retained	2	True	True	SINE
chr22:33764545:33782651:+	retained	1	True	True	SINE
chr22:33775782:33782794:+	retained	1	True	True	SINE
chr22:33794812:33857108:+	retained	2	True	True	SINE
chr22:33833770:33870650:-	retained	1	True	True	SINE
chr22:33900717:33903172:+	retained	1	True	True	LTR
chr22:33905318:33913657:-	retained	1	True	True	SINE
chr22:33907682:33913657:-	retained	1	True	True	SINE
chr22:33937775:33954556:-	retained	1	True	True	SINE
chr22:33941463:34011800:+	retained	1	True	False	LINE
chr22:33970310:33989629:+	retained	1	True	True	SINE
chr22:34051962:34104749:+	retained	1	True	True	SINE
chr22:34088331:34119547:+	retained	1	True	True	SINE
chr22:34088467:34089621:-	retained	1	True	True	SINE
chr22:34098609:34145595:-	retained	1	True	True	SINE
chr22:34101302:34145717:+	retained	3	True	True	SINE
chr22:34137211:34138299:+	retained	1	True	True	SINE
chr22:34157724:34184143:+	retained	1	True	True	SINE
chr22:34181658:34202890:-	retained	1	True	True	SINE
chr22:34305318:34331969:-	retained	1	True	True	SINE
chr22:34406208:34419054:+	retained	1	True	True	SINE
chr22:34425299:34519559:-	retained	1	False	True	LTR
chr22:34567049:34581161:+	retained	1	True	True	SINE
chr22:34580229:34595960:+	retained	1	True	True	SINE
chr22:34624755:34666114:-	retained	1	True	True	SINE
chr22:34722380:34877302:-	retained	1	True	True	DNA,SINE
chr22:34782384:34797023:-	retained	1	True	True	SINE
chr22:34782568:34797191:-	retained	1	True	True	SINE
chr22:34788548:34793901:-	retained	8	True	True	LINE
chr22:35136366:35140550:-	retained	1	True	True	SINE
chr22:35167989:35171974:+	retained	1	True	True	LINE,SINE
chr22:35216696:35252758:-	retained	1	True	True	SINE
chr22:35232226:35278762:-	retained	1	True	True	SINE
chr22:35293115:35293606:+	retained	1	False	False	.
chr22:35313134:35634674:+	retained	1	True	True	SINE
chr22:35334449:35338712:+	retained	3	False	False	.
chr22:35352201:35360773:+	retained	1	True	True	SINE
chr22:35354965:35357267:+	retained	1	True	True	SINE
chr22:35373213:35398568:-	retained	2	True	True	SINE
chr22:35382907:35390477:-	retained	1	True	True	SINE
chr22:35400606:35403206:+	retained	1	False	False	.
chr22:35414715:35415098:-	retained	1	True	True	SINE
chr22:35445417:35461885:-	retained	1	True	True	SINE
chr22:35466018:35516448:-	retained	1	True	True	SINE
chr22:35481673:35481819:-	retained	1	False	True	SINE
chr22:35501382:35584228:+	retained	3	True	True	SINE
chr22:35579918:35603569:-	retained	1	True	True	SINE
chr22:35585072:35604117:+	retained	1	True	True	SINE
chr22:35602933:35682476:+	retained	1	True	True	SINE
chr22:35612558:35627048:+	retained	1	True	True	SINE
chr22:35620121:35645091:+	retained	2	True	True	SINE
chr22:35659854:35666360:-	retained	1	True	True	SINE
chr22:35714099:35922365:+	retained	1	True	True	SINE
chr22:35717522:35794440:-	retained	1	True	True	SINE
chr22:35756145:35759887:-	retained	1	False	False	.
chr22:35765484:35768256:-	retained	1	False	False	.
chr22:35791125:35824959:-	retained	1	True	True	SINE
chr22:35852613:35898939:+	retained	1	False	True	SINE
chr22:36042762:36088174:+	retained	1	True	True	SINE
chr22:36047969:36082619:+	retained	2	True	True	SINE
chr22:36066787:36144791:-	retained	1	True	True	SINE
chr22:36071520:36088184:-	retained	1	True	True	SINE
chr22:36072414:36091497:+	retained	1	True	True	SINE
chr22:36077963:36082219:-	retained	1	True	True	SINE
chr22:36080733:36098911:-	retained	1	True	True	SINE
chr22:36081669:36084357:+	retained	1	True	True	SINE
chr22:36119743:36140013:-	retained	1	True	True	SINE
chr22:36128021:36139933:-	retained	1	True	True	SINE
chr22:36142059:36145472:-	retained	1	False	False	.
chr22:36254618:36260148:-	retained	1	True	True	SINE
chr22:36282786:36284092:-	retained	1	False	False	.
chr22:36285782:36285864:-	retained	1	False	False	.
chr22:36288414:36288726:-	retained	1	False	False	.
chr22:36292235:36293328:-	retained	5	False	False	.
chr22:36295077:36295504:-	retained	1	False	False	.
chr22:36295718:36296842:-	retained	2	False	False	.
chr22:36296467:36318994:-	retained	1	True	True	SINE
chr22:36299043:36300126:-	retained	2	False	False	.
chr22:36300265:36300850:-	retained	3	True	False	Simple_repeat
chr22:36304156:36305032:-	retained	5	False	False	.
chr22:36305103:36305929:-	retained	1	False	False	.
chr22:36306608:36309281:-	retained	1	False	False	.
chr22:36309397:36312048:-	retained	1	False	False	.
chr22:36312223:36314144:-	retained	1	False	False	.
chr22:36314319:36316516:-	retained	2	False	False	.
chr22:36316670:36318206:-	retained	3	False	False	.
chr22:36318326:36319539:-	retained	4	False	False	.
chr22:36322522:36326567:-	retained	1	False	False	.
chr22:36326662:36327460:-	retained	1	False	False	.
chr22:36376938:36393104:-	retained	1	True	True	SINE
chr22:36381453:36412833:+	retained	1	True	True	SINE
chr22:36383080:36438169:+	retained	1	True	True	SINE
chr22:36390520:36393697:+	retained	1	True	True	SINE
chr22:36391136:36425116:+	retained	1	True	True	SINE
chr22:36421303:36425965:+	retained	1	False	False	.
chr22:36421798:36460130:+	retained	2	True	True	SINE
chr22:36423215:36450455:+	retained	1	True	True	SINE
chr22:36431580:36448202:-	retained	1	True	True	SINE
chr22:36444528:36468781:-	retained	1	True	True	SINE
chr22:36452993:36475285:+	retained	2	True	True	SINE
chr22:36453079:36468585:+	retained	1	True	True	SINE
chr22:36461055:36476514:-	retained	1	True	True	SINE
chr22:36484258:36518277:+	retained	1	True	True	SINE
chr22:36509811:36602528:+	retained	1	True	True	SINE
chr22:36513834:36548168:+	retained	1	True	True	SINE
chr22:36516608:36516704:-	retained	1	False	False	.
chr22:36523981:36524595:-	retained	4	False	False	.
chr22:36526820:36568635:-	retained	1	True	True	SINE
chr22:36552969:36597259:+	retained	2	True	True	SINE
chr22:36558129:36583368:+	retained	1	True	True	SINE
chr22:36568142:36569018:-	retained	1	True	False	SINE
chr22:36710537:36746273:-	retained	1	True	True	SINE
chr22:36742417:36749270:+	retained	1	True	True	SINE
chr22:36773584:36774741:+	retained	1	True	True	SINE
chr22:36788849:36793930:+	retained	2	True	True	SINE
chr22:36788942:36794022:+	retained	1	True	True	SINE
chr22:36896529:36999251:+	retained	1	True	True	SINE
chr22:36915167:36955431:-	retained	2	True	True	SINE
chr22:36919497:36976255:+	retained	1	True	True	SINE
chr22:36955586:36957467:+	retained	1	True	True	SINE
chr22:36957277:36981839:+	retained	1	True	True	SINE
chr22:36983298:36994410:-	retained	1	True	True	SINE
chr22:37024811:37029215:+	retained	1	False	False	.
chr22:37050185:37075837:+	retained	1	True	True	SINE
chr22:37267590:37272695:-	retained	1	True	True	SINE
chr22:37312175:37313438:+	retained	1	False	False	.
chr22:37392596:37436970:+	retained	1	True	True	SINE
chr22:37406065:37887520:-	retained	1	True	True	SINE
chr22:37439899:37461436:-	retained	1	True	True	SINE
chr22:37454193:37468468:-	retained	1	False	False	.
chr22:37459598:37464949:+	retained	1	True	True	SINE
chr22:37478761:37558455:-	retained	1	True	True	SINE
chr22:37530558:37565213:+	retained	1	True	True	SINE
chr22:37555685:37572506:-	retained	1	True	True	SINE
chr22:37558308:37579669:+	retained	1	True	True	SINE
chr22:37566813:37568107:+	retained	1	False	False	.
chr22:37583965:37587579:-	retained	1	True	True	SINE
chr22:37587715:37652699:-	retained	1	True	True	SINE
chr22:37591230:37656755:+	retained	1	True	True	SINE
chr22:37632516:37632600:+	retained	1	False	False	.
chr22:37678655:37679602:+	retained	1	False	False	.
chr22:37680653:37687600:+	retained	1	True	True	SINE
chr22:37694803:37754191:-	retained	1	True	True	SINE
chr22:37726927:37731477:+	retained	1	True	True	SINE
chr22:37727591:37780589:-	retained	1	True	True	SINE
chr22:37755191:37755549:+	retained	1	False	False	.
chr22:37769188:37769261:+	retained	1	False	False	.
chr22:37770140:37839482:+	retained	1	True	True	SINE
chr22:37785626:37787805:-	retained	1	True	True	SINE
chr22:37789271:37793116:-	retained	1	True	True	SINE
chr22:37799955:37849227:+	retained	1	True	True	SINE
chr22:37810158:37812886:+	retained	1	False	False	.
chr22:37813861:37839482:+	retained	1	True	True	SINE
chr22:37847245:37864620:-	retained	1	True	True	SINE
chr22:37851491:37855564:+	retained	2	False	False	.
chr22:37853565:37856773:+	retained	1	True	True	SINE
chr22:37856627:37955320:-	retained	1	True	True	SINE
chr22:37859830:37882132:-	retained	1	True	True	SINE
chr22:37863039:37863271:+	retained	2	False	False	.
chr22:37866709:37871791:-	retained	1	True	True	SINE
chr22:37868676:37902376:-	retained	1	True	True	SINE
chr22:37870348:37874369:+	retained	1	False	False	.
chr22:37874525:37875840:+	retained	1	False	False	.
chr22:37874811:37909134:-	retained	1	True	True	SINE
chr22:37886846:37888425:+	retained	1	False	False	.
chr22:37902287:37917120:-	retained	2	True	True	SINE
chr22:37909502:37963129:+	retained	1	True	True	SINE
chr22:37912001:37912350:+	retained	1	False	False	.
chr22:37919511:38010249:-	retained	1	True	True	SINE
chr22:37938982:37942733:-	retained	1	True	True	SINE
chr22:37949541:37956171:-	retained	1	True	True	SINE
chr22:37956512:37959898:+	retained	1	True	True	SINE
chr22:37963146:37994799:-	retained	1	True	True	SINE
chr22:38001628:38048639:+	retained	1	True	True	SINE
chr22:38022410:38116709:+	retained	1	True	True	SINE
chr22:38121118:38141934:-	retained	1	True	True	SINE
chr22:38134386:38144455:-	retained	1	True	True	SINE
chr22:38137689:38142049:-	retained	1	True	True	SINE
chr22:38141260:38549527:+	retained	1	True	True	SINE
chr22:38141935:38149682:-	retained	2	True	True	SINE
chr22:38148955:38152288:-	retained	1	True	True	SINE
chr22:38168773:38176967:-	retained	1	True	True	SINE
chr22:38183280:38209599:+	retained	1	True	True	SINE
chr22:38183430:38216310:+	retained	1	True	True	SINE
chr22:38196548:38268122:-	retained	1	True	True	SINE
chr22:38197541:38275329:-	retained	2	True	True	SINE
chr22:38209595:38280912:-	retained	1	True	True	SINE
chr22:38212159:38267591:-	retained	1	True	True	SINE
chr22:38224980:38225423:-	retained	1	False	False	.
chr22:38241451:38242826:+	retained	1	True	True	SINE
chr22:38254340:38268122:-	retained	1	True	True	SINE
chr22:38259858:38281864:-	retained	1	True	True	SINE
chr22:38300066:38300723:-	retained	1	False	False	.
chr22:38338370:38341431:-	retained	1	True	True	SINE
chr22:38408638:38411491:-	retained	1	True	True	SINE
chr22:38408732:38416580:-	retained	1	True	True	SINE
chr22:38411769:38497371:-	retained	1	True	True	SINE
chr22:38422263:38478920:+	retained	1	True	True	SINE
chr22:38437843:38475215:-	retained	1	True	True	SINE
chr22:38438098:38440400:+	retained	1	True	True	SINE
chr22:38464739:38512229:-	retained	2	True	True	SINE
chr22:38492116:38493709:-	retained	1	False	False	.
chr22:38493772:38494020:-	retained	1	False	False	.
chr22:38494132:38494629:-	retained	2	False	False	.
chr22:38495047:38495795:-	retained	3	False	False	.
chr22:38495938:38498084:-	retained	2	False	False	.
chr22:38498151:38498439:-	retained	3	False	False	.
chr22:38499500:38501129:-	retained	5	False	False	.
chr22:38501281:38505950:-	retained	1	False	False	.
chr22:38522325:38535989:+	retained	1	True	True	SINE
chr22:38527483:38550589:+	retained	1	True	True	SINE
chr22:38528205:38558104:+	retained	1	True	True	SINE
chr22:38530993:38558637:-	retained	1	True	True	SINE
chr22:38532405:38559111:-	retained	1	True	True	SINE
chr22:38543478:38633788:-	retained	2	True	True	SINE
chr22:38546265:38559892:-	retained	1	True	True	SINE
chr22:38588359:38665202:-	retained	1	True	True	SINE
chr22:38591254:38679474:+	retained	1	True	True	SINE
chr22:38600698:38663196:-	retained	1	True	True	SINE
chr22:38602956:38604735:-	retained	1	True	True	SINE
chr22:38608513:38678921:-	retained	1	True	True	SINE
chr22:38609972:38615221:-	retained	2	True	True	SINE
chr22:38624192:38679466:+	retained	1	True	True	SINE
chr22:38635032:38654715:+	retained	1	True	True	SINE
chr22:38649743:38680164:-	retained	1	True	True	SINE
chr22:38655015:38680164:-	retained	1	True	True	SINE
chr22:38664395:38674117:-	retained	1	True	True	SINE
chr22:38674378:38676177:-	retained	1	True	True	SINE
chr22:38682096:38682322:+	retained	1	True	False	Low_complexity
chr22:38703888:38720465:+	retained	1	True	True	SINE
chr22:38706148:38708844:+	retained	1	False	False	.
chr22:38716088:38716651:+	retained	1	False	False	.
chr22:38720177:38763510:-	retained	1	True	True	SINE
chr22:38727349:38727982:+	retained	1	False	False	.
chr22:38732972:38784790:+	retained	1	True	True	SINE
chr22:38740433:38741006:-	retained	1	False	False	.
chr22:38747262:38765156:+	retained	1	True	True	SINE
chr22:38750321:38750897:-	retained	1	False	False	.
chr22:38771227:38791982:+	retained	1	True	True	SINE
chr22:38781010:38782662:-	retained	1	False	False	.
chr22:38790994:38804070:-	retained	1	True	True	SINE
chr22:38808824:38838002:-	retained	1	True	True	SINE
chr22:38871547:38871691:-	retained	1	False	False	.
chr22:38877054:38886175:-	retained	2	True	True	SINE
chr22:38887244:38917179:+	retained	1	True	True	SINE
chr22:38890686:38893028:-	retained	1	True	True	SINE
chr22:38893121:38905754:-	retained	1	True	True	SINE
chr22:38920555:38923252:+	retained	1	True	True	SINE
chr22:38923240:38926559:-	retained	1	True	True	SINE
chr22:38928116:39006124:-	retained	1	True	True	SINE
chr22:38931417:38946388:-	retained	1	True	True	SINE
chr22:38933833:38995025:+	retained	1	True	True	SINE
chr22:38939779:38970410:+	retained	1	True	True	SINE
chr22:39007970:39074417:+	retained	1	True	True	SINE
chr22:39017168:39065216:+	retained	1	True	True	SINE
chr22:39028721:39072190:+	retained	1	True	True	SINE
chr22:39034917:39043587:+	retained	1	True	True	SINE
chr22:39034917:39129680:+	retained	2	True	True	SINE
chr22:39063248:39094625:-	retained	1	True	True	SINE
chr22:39064763:39073347:-	retained	1	True	True	SINE
chr22:39073332:39078113:+	retained	1	True	True	SINE
chr22:39089563:39126565:-	retained	1	True	True	SINE
chr22:39095850:39107993:-	retained	1	True	True	SINE
chr22:39118744:39119967:-	retained	1	True	True	SINE
chr22:39118907:39122899:-	retained	1	True	True	SINE
chr22:39119563:39158367:+	retained	1	True	True	SINE
chr22:39126584:39147314:-	retained	1	True	True	SINE
chr22:39161867:39186176:-	retained	1	True	True	SINE
chr22:39165618:39212258:-	retained	1	True	True	SINE
chr22:39188111:39206308:-	retained	1	True	True	SINE
chr22:39210434:39305271:+	retained	1	True	True	SINE
chr22:39210434:39282244:+	retained	1	True	True	SINE
chr22:39211542:39260812:+	retained	1	True	True	SINE
chr22:39266050:39267358:+	retained	1	True	True	SINE
chr22:39304834:39316008:+	retained	1	True	True	SINE
chr22:39311533:39329555:+	retained	1	True	True	SINE
chr22:39312985:39313190:-	retained	11	False	False	.
chr22:39313311:39313633:-	retained	4	False	False	.
chr22:39313730:39314106:-	retained	2	False	False	.
chr22:39316842:39317460:-	retained	5	False	False	.
chr22:39317630:39318399:-	retained	4	False	False	.
chr22:39327277:39335582:+	retained	1	True	True	SINE
chr22:39334007:39340891:-	retained	2	True	True	SINE
chr22:39337054:39367752:+	retained	1	True	True	SINE
chr22:39342074:39353004:+	retained	2	True	True	SINE
chr22:39398488:39461946:+	retained	2	True	True	SINE
chr22:39410353:39424692:-	retained	3	True	True	SINE
chr22:39425978:39429597:-	retained	1	True	True	SINE
chr22:39440634:39447610:+	retained	1	True	True	SINE
chr22:39497421:39500974:+	retained	1	True	True	SINE
chr22:39504535:39511287:+	retained	1	False	False	.
chr22:39507740:39747988:-	retained	1	True	True	SINE
chr22:39520752:39521353:+	retained	1	False	False	.
chr22:39521672:39521772:+	retained	3	False	False	.
chr22:39529918:39532394:-	retained	2	False	False	.
chr22:39576024:39621006:-	retained	2	True	True	SINE
chr22:39608687:39692738:+	retained	1	True	True	LINE,SINE
chr22:39734192:39765934:-	retained	1	True	False	LINE
chr22:39740645:40172110:-	retained	1	True	True	SINE
chr22:39811952:39819337:-	retained	2	True	True	SINE
chr22:39830353:39848529:+	retained	2	True	True	SINE
chr22:39841018:39891897:+	retained	1	True	True	SINE
chr22:39842736:39846668:-	retained	1	True	True	LINE
chr22:39842964:39846897:+	retained	4	True	True	LINE
chr22:39882989:39971148:+	retained	1	True	False	SINE
chr22:39891898:39897796:+	retained	1	True	True	SINE
chr22:39913088:39977835:+	retained	1	True	True	SINE
chr22:39995532:39998795:+	retained	2	False	False	.
chr22:40021964:40029515:+	retained	1	False	False	.
chr22:40036315:40040737:-	retained	1	True	False	SINE
chr22:40057395:40069588:+	retained	1	True	True	SINE
chr22:40064731:40079732:-	retained	1	True	True	SINE
chr22:40078843:40149437:+	retained	1	True	True	SINE
chr22:40119520:40149605:+	retained	1	True	True	SINE
chr22:40154764:40164684:-	retained	1	True	True	SINE
chr22:40156183:40246014:+	retained	1	False	False	.
chr22:40164550:40182029:+	retained	1	True	True	SINE
chr22:40223388:40228772:-	retained	1	True	True	SINE
chr22:40224236:40227176:-	retained	1	True	True	SINE
chr22:40255941:40288901:-	retained	2	True	True	SINE
chr22:40273601:40277076:+	retained	1	False	False	.
chr22:40276218:40368794:+	retained	1	True	True	SINE
chr22:40283167:40311672:-	retained	1	True	True	SINE
chr22:40288577:40336707:-	retained	1	True	True	SINE
chr22:40293308:40369617:-	retained	1	True	True	SINE
chr22:40301334:40308511:+	retained	1	False	False	.
chr22:40303652:40333083:-	retained	1	True	True	SINE
chr22:40341831:40356639:+	retained	1	True	True	SINE
chr22:40356754:40402649:+	retained	1	True	True	SINE
chr22:40375362:40383249:-	retained	1	True	True	SINE
chr22:40375503:40378648:-	retained	1	True	True	SINE
chr22:40376334:40395366:+	retained	1	True	True	SINE
chr22:40400814:40401592:+	retained	1	False	False	.
chr22:40405845:40406077:+	retained	1	False	False	.
chr22:40407329:40407412:+	retained	1	False	False	.
chr22:40408121:40408276:+	retained	4	False	False	.
chr22:40408698:40408793:+	retained	1	False	False	.
chr22:40408843:40408932:+	retained	1	False	False	.
chr22:40432015:40489747:+	retained	1	True	True	SINE
chr22:40450707:40523588:-	retained	1	True	True	SINE
chr22:40457220:40490453:-	retained	1	True	True	SINE
chr22:40470160:40477285:+	retained	1	True	True	SINE
chr22:40498044:40571112:+	retained	1	True	True	SINE
chr22:40566363:40676591:+	retained	3	True	True	SINE
chr22:40658284:40678059:-	retained	1	True	True	SINE
chr22:40659866:40688956:-	retained	1	True	True	SINE
chr22:40686244:40735047:-	retained	1	True	True	SINE
chr22:40704297:40736622:-	retained	1	True	True	SINE
chr22:40708087:40725773:+	retained	1	True	True	SINE
chr22:40717893:40736629:+	retained	1	True	True	SINE
chr22:40721781:40772349:+	retained	1	True	True	SINE
chr22:40721967:40774454:-	retained	1	True	True	SINE
chr22:40724436:40726961:-	retained	1	True	True	SINE
chr22:40728058:40747896:+	retained	2	True	True	SINE
chr22:40728587:40821074:-	retained	1	True	True	SINE
chr22:40745328:40745502:-	retained	2	True	True	Retroposon
chr22:40754316:40807518:+	retained	1	True	True	SINE
chr22:40763326:40816012:-	retained	1	True	True	SINE
chr22:40802028:40816846:+	retained	1	True	True	SINE
chr22:40807519:40813306:+	retained	1	True	True	SINE
chr22:40816706:40881140:+	retained	1	True	True	SINE
chr22:40820438:40833662:+	retained	1	True	True	SINE
chr22:40835671:40835802:-	retained	1	False	False	.
chr22:40840693:40844838:-	retained	1	False	False	.
chr22:40848370:40850822:-	retained	1	False	False	.
chr22:40849247:40922654:+	retained	1	True	True	SINE
chr22:40868642:40871819:+	retained	1	True	True	SINE
chr22:40886599:40939035:+	retained	1	True	True	SINE
chr22:40888522:40997738:+	retained	1	True	True	SINE
chr22:40890636:40987721:+	retained	1	True	True	SINE
chr22:40892463:40955376:+	retained	1	True	True	SINE
chr22:40903633:40949730:+	retained	1	True	True	SINE
chr22:40903766:40928484:+	retained	1	True	True	SINE
chr22:40905175:40911638:+	retained	1	True	True	SINE
chr22:40918499:40920194:-	retained	2	True	True	SINE
chr22:40918614:40995691:+	retained	1	True	True	SINE
chr22:40942179:40945471:+	retained	1	True	True	SINE
chr22:40948753:41044868:-	retained	1	True	True	SINE
chr22:40957268:40960040:-	retained	1	True	True	SINE
chr22:40958855:40961825:-	retained	1	True	True	SINE
chr22:40959551:41019325:-	retained	1	True	True	SINE
chr22:40967885:40972475:+	retained	1	False	False	.
chr22:40968369:41003969:+	retained	1	True	True	SINE
chr22:40978592:41016408:+	retained	1	True	True	SINE
chr22:40982420:40997111:+	retained	1	True	True	SINE
chr22:40987740:41080598:+	retained	1	True	True	SINE
chr22:40992045:40998806:-	retained	1	True	True	SINE
chr22:40996974:41047379:+	retained	1	True	True	SINE
chr22:40999455:41007843:-	retained	1	True	True	SINE
chr22:41007008:41055642:-	retained	1	True	True	SINE
chr22:41007836:41101217:+	retained	1	True	True	SINE
chr22:41023743:41108336:-	retained	1	True	True	SINE
chr22:41024132:41043080:-	retained	1	True	True	SINE
chr22:41024138:41032228:-	retained	1	True	True	SINE
chr22:41033117:41040016:+	retained	1	True	True	SINE
chr22:41037873:41044823:-	retained	1	True	True	SINE
chr22:41038548:41054293:+	retained	1	True	True	SINE
chr22:41041491:41043607:-	retained	1	True	True	SINE
chr22:41044959:41052155:-	retained	2	True	True	SINE
chr22:41066178:41070576:+	retained	1	True	True	SINE
chr22:41068038:41114440:+	retained	1	True	True	SINE
chr22:41070591:41143794:+	retained	1	False	True	SINE
chr22:41076648:41085673:-	retained	1	True	True	SINE
chr22:41078047:41124167:-	retained	1	True	True	SINE
chr22:41087177:41092786:+	retained	1	True	False	SINE
chr22:41101526:41125052:-	retained	1	True	True	SINE
chr22:41113782:41133386:+	retained	1	True	True	SINE
chr22:41117822:41125863:+	retained	1	False	False	.
chr22:41126041:41127486:+	retained	1	False	False	.
chr22:41128014:41186151:-	retained	1	True	True	SINE
chr22:41141223:41146738:+	retained	1	False	False	.
chr22:41150199:41151832:+	retained	1	False	False	.
chr22:41155114:41157168:+	retained	1	False	False	.
chr22:41160723:41162722:+	retained	1	False	False	.
chr22:41172664:41173622:+	retained	1	False	False	.
chr22:41174292:41192651:-	retained	1	True	True	SINE
chr22:41193157:41195208:+	retained	1	True	True	SINE
chr22:41203019:41281998:-	retained	1	True	True	SINE
chr22:41228725:41312476:-	retained	1	True	True	SINE
chr22:41246673:41249329:-	retained	1	False	False	.
chr22:41256825:41257947:-	retained	1	False	False	.
chr22:41258107:41261445:-	retained	1	False	False	.
chr22:41272747:41277310:-	retained	1	True	True	SINE
chr22:41278908:41331639:+	retained	1	True	True	SINE
chr22:41291383:41293563:+	retained	1	True	True	SINE
chr22:41316089:41316769:+	retained	1	True	True	SINE
chr22:41325919:41327205:+	retained	1	False	False	.
chr22:41328057:41331665:+	retained	1	True	True	SINE
chr22:41376332:41385779:+	retained	1	True	True	SINE
chr22:41386221:41386825:-	retained	1	True	True	SINE
chr22:41388032:41395039:-	retained	1	True	True	SINE
chr22:41389174:41441551:+	retained	1	True	True	SINE
chr22:41389555:41392609:+	retained	1	True	True	SINE
chr22:41407947:41450543:-	retained	1	True	True	SINE
chr22:41416138:41476533:-	retained	1	True	True	SINE
chr22:41417472:41422026:+	retained	1	True	True	SINE
chr22:41422669:41429197:+	retained	1	True	True	SINE
chr22:41423898:41426506:-	retained	1	True	True	SINE
chr22:41423924:41424426:-	retained	1	True	True	SINE
chr22:41426507:41430728:-	retained	1	True	True	SINE
chr22:41441699:41456882:+	retained	1	True	True	SINE
chr22:41459126:41538514:-	retained	1	True	True	SINE
chr22:41489322:41495429:+	retained	1	True	True	SINE
chr22:41492880:41536803:+	retained	1	True	True	SINE
chr22:41502888:41506660:+	retained	2	True	True	SINE
chr22:41503600:41506523:+	retained	1	True	True	SINE
chr22:41511969:41515376:+	retained	1	False	False	.
chr22:41516979:41556262:-	retained	1	True	True	SINE
chr22:41519591:41594889:+	retained	1	True	True	SINE
chr22:41523942:41524845:+	retained	1	False	False	.
chr22:41524969:41525192:+	retained	2	False	False	.
chr22:41529863:41572989:-	retained	1	True	True	SINE
chr22:41536270:41563958:-	retained	1	True	True	SINE
chr22:41538277:41611735:+	retained	1	True	True	SINE
chr22:41546657:41558723:+	retained	1	True	True	SINE
chr22:41584604:41586075:-	retained	1	False	False	.
chr22:41591385:41596417:+	retained	1	True	True	SINE
chr22:41618150:41625092:+	retained	1	True	True	SINE
chr22:41624125:41624737:-	retained	1	True	True	SINE
chr22:41627012:41701174:+	retained	1	True	True	SINE
chr22:41631060:41631235:-	retained	1	True	True	Retroposon
chr22:41636771:41637607:+	retained	2	False	False	.
chr22:41640224:41644561:-	retained	1	True	True	SINE
chr22:41643196:41649639:+	retained	1	True	True	SINE
chr22:41650892:41653528:+	retained	1	False	False	.
chr22:41661445:41663621:+	retained	2	False	False	.
chr22:41666513:41668224:+	retained	1	True	True	SINE
chr22:41689144:42041265:-	retained	1	True	True	SINE
chr22:41691552:41740295:+	retained	1	True	True	SINE
chr22:41702847:41716464:-	retained	2	True	True	SINE
chr22:41714640:41738223:+	retained	1	True	True	SINE
chr22:41715569:41721076:+	retained	1	True	True	SINE
chr22:41717894:41731329:+	retained	1	True	True	SINE
chr22:41721012:41725344:-	retained	1	True	True	SINE
chr22:41724695:41741847:+	retained	1	True	True	SINE
chr22:41724695:41773778:+	retained	1	True	True	SINE
chr22:41724947:41744019:+	retained	1	True	True	SINE
chr22:41731603:41785808:-	retained	1	True	True	SINE
chr22:41735057:41740114:+	retained	1	True	True	SINE
chr22:41765986:41776908:+	retained	1	True	True	SINE
chr22:41769703:41777386:-	retained	1	True	True	SINE
chr22:41798743:41803642:-	retained	2	True	True	SINE
chr22:41835294:41879138:+	retained	1	True	True	SINE
chr22:41837327:41856843:+	retained	4	True	True	SINE
chr22:41837345:41838519:+	retained	1	True	True	SINE
chr22:41837794:41859058:+	retained	1	True	True	SINE
chr22:41850223:41851416:+	retained	1	True	True	SINE
chr22:41858677:42054873:+	retained	1	True	True	SINE
chr22:41864778:41866375:-	retained	1	True	True	SINE
chr22:41869529:41911790:+	retained	1	True	True	SINE
chr22:41875452:41875542:+	retained	1	False	False	.
chr22:41877422:41877941:+	retained	1	False	False	.
chr22:41886905:41902493:+	retained	1	True	True	SINE
chr22:41924694:41973720:-	retained	1	True	True	SINE
chr22:41924827:41927072:-	retained	2	True	True	SINE
chr22:41950765:41955575:+	retained	2	True	True	SINE
chr22:41954842:41965994:-	retained	1	True	True	SINE
chr22:41966234:41989029:+	retained	2	True	True	SINE
chr22:41973800:41974481:+	retained	1	True	True	SINE
chr22:42015648:42099338:-	retained	1	True	True	SINE
chr22:42054883:42061748:+	retained	1	True	True	SINE
chr22:42092670:42092804:+	retained	1	True	True	SINE
chr22:42093508:42098843:-	retained	1	True	True	SINE
chr22:42096420:42103053:-	retained	1	False	True	SINE
chr22:42100698:42120753:-	retained	1	True	True	SINE
chr22:42154029:42197465:+	retained	1	True	True	SINE
chr22:42177188:42223056:+	retained	2	True	True	SINE
chr22:42178726:42197465:+	retained	1	True	True	SINE
chr22:42199786:42200577:+	retained	1	True	True	SINE
chr22:42201604:42246802:-	retained	1	True	True	SINE
chr22:42234926:42250225:+	retained	2	True	True	SINE
chr22:42251460:42323179:+	retained	1	True	True	SINE
chr22:42252162:42267575:-	retained	1	True	True	SINE
chr22:42273277:42288620:-	retained	1	True	True	SINE
chr22:42356438:42413989:+	retained	1	True	True	SINE
chr22:42422855:42466936:-	retained	1	True	True	SINE
chr22:42468711:42494898:+	retained	1	True	True	SINE
chr22:42470171:42479993:+	retained	2	True	True	SINE
chr22:42474811:42481703:+	retained	1	True	True	SINE
chr22:42480732:42494927:-	retained	1	True	True	SINE
chr22:42486478:42547608:+	retained	1	False	True	SINE
chr22:42488343:42491835:+	retained	1	True	True	SINE
chr22:42491270:42494013:+	retained	1	True	True	SINE
chr22:42500083:42570140:+	retained	1	True	True	SINE
chr22:42511406:42525100:-	retained	1	True	True	SINE
chr22:42511406:42541727:-	retained	1	True	True	SINE
chr22:42517153:42524629:-	retained	1	True	True	SINE
chr22:42538613:42546561:+	retained	1	True	True	SINE
chr22:42542303:42634235:-	retained	1	True	True	SINE
chr22:42563068:42568838:-	retained	1	True	True	SINE
chr22:42592085:42595536:-	retained	2	False	False	.
chr22:42593755:42685460:+	retained	2	True	True	SINE
chr22:42607205:42622005:-	retained	1	True	True	Retroposon,SINE
chr22:42610061:42616184:-	retained	1	True	True	SINE
chr22:42627689:42628151:-	retained	2	False	False	.
chr22:42628282:42630881:-	retained	2	False	False	.
chr22:42629941:42667862:+	retained	1	True	True	SINE
chr22:42634535:42651608:-	retained	1	True	True	SINE
chr22:42641860:42657354:+	retained	1	True	True	SINE
chr22:42660621:42666429:-	retained	1	True	True	SINE
chr22:42672580:42733815:+	retained	1	True	True	SINE
chr22:42676727:42708127:-	retained	1	True	True	SINE
chr22:42687447:42703346:-	retained	1	True	True	SINE
chr22:42696208:42779910:+	retained	1	True	True	SINE
chr22:42698020:42740181:+	retained	1	True	True	SINE
chr22:42711872:42762788:-	retained	1	True	True	SINE
chr22:42722314:42724799:-	retained	1	True	True	SINE
chr22:42730526:42816011:+	retained	1	True	True	SINE
chr22:42737963:42789766:+	retained	2	True	True	SINE
chr22:42738841:42770741:-	retained	1	True	True	SINE
chr22:42740200:42745694:+	retained	1	True	True	SINE
chr22:42748559:42753589:-	retained	1	True	True	SINE
chr22:42763307:42776117:+	retained	1	True	True	SINE
chr22:42777781:42810399:+	retained	2	True	True	SINE
chr22:42781446:42802696:+	retained	1	True	True	SINE
chr22:42783446:42833691:+	retained	1	True	True	SINE
chr22:42790523:42815844:+	retained	1	True	True	SINE
chr22:42827000:42831548:-	retained	1	False	False	.
chr22:42833615:42859538:+	retained	1	True	True	SINE
chr22:42874021:42875766:-	retained	1	True	True	SINE
chr22:42877011:42879047:-	retained	1	False	False	.
chr22:42893614:42912020:-	retained	2	False	False	.
chr22:42935987:42992988:+	retained	1	True	True	SINE
chr22:42967629:42989536:-	retained	1	True	True	SINE
chr22:42971602:42971973:+	retained	1	True	True	Retroposon
chr22:42971714:42971965:+	retained	1	True	True	Retroposon
chr22:42988000:43076609:+	retained	1	True	True	SINE
chr22:42988409:43035897:+	retained	1	False	True	SINE
chr22:42989721:42997480:-	retained	1	True	True	SINE
chr22:43029741:43073909:-	retained	1	True	True	SINE
chr22:43046934:43073288:+	retained	1	True	True	SINE
chr22:43048253:43066094:+	retained	1	True	True	SINE
chr22:43052841:43090771:-	retained	1	True	True	SINE
chr22:43058809:43059803:-	retained	1	True	True	SINE
chr22:43058838:43088479:+	retained	1	True	True	SINE
chr22:43094978:43106060:+	retained	2	True	True	SINE
chr22:43114579:43122008:+	retained	1	True	True	SINE
chr22:43131482:43193870:+	retained	1	True	True	SINE
chr22:43168913:43169499:-	retained	1	False	False	.
chr22:43173591:43219616:+	retained	1	True	True	SINE
chr22:43176397:43179618:-	retained	1	False	False	.
chr22:43211084:43212424:-	retained	1	False	False	.
chr22:43262846:43291045:-	retained	1	False	False	.
chr22:43347355:43362401:-	retained	1	True	True	SINE
chr22:43356732:43362414:+	retained	1	True	True	SINE
chr22:43374007:43384078:-	retained	1	True	True	SINE
chr22:43379739:43383017:+	retained	1	True	True	SINE
chr22:43521685:43524929:-	retained	1	True	True	SINE
chr22:43524193:43538664:+	retained	1	True	True	SINE
chr22:43561128:43617872:+	retained	1	True	True	SINE
chr22:43632388:43665875:-	retained	1	True	True	SINE
chr22:43655132:43657169:-	retained	1	True	True	SINE
chr22:43869338:43869645:+	retained	1	True	True	SINE
chr22:43949770:43952652:-	retained	1	False	True	SINE
chr22:43953044:43959282:+	retained	1	True	True	SINE
chr22:43968819:43972235:+	retained	1	False	False	.
chr22:43973324:43976054:+	retained	1	False	False	.
chr22:44011060:44013133:+	retained	1	True	True	SINE
chr22:44011400:44027684:+	retained	1	True	True	SINE
chr22:44017124:44059294:-	retained	1	True	True	SINE
chr22:44050289:44111431:-	retained	1	False	False	.
chr22:44054465:44069777:-	retained	1	True	True	SINE
chr22:44082345:44150846:-	retained	1	True	True	SINE
chr22:44101671:44150593:-	retained	1	True	True	SINE
chr22:44123638:44153416:-	retained	1	True	True	SINE
chr22:44139594:44166252:+	retained	1	True	True	SINE
chr22:44152232:44161395:-	retained	1	True	True	SINE
chr22:44157783:44174639:+	retained	1	True	True	SINE
chr22:44413013:44417020:-	retained	1	True	True	SINE
chr22:44466455:44477429:-	retained	1	True	True	SINE
chr22:44485561:44523885:+	retained	1	True	True	SINE
chr22:44485573:44487970:-	retained	2	True	False	SINE
chr22:44491294:44511780:+	retained	1	True	True	SINE
chr22:44499600:44551571:+	retained	1	True	True	SINE
chr22:44513605:44516856:-	retained	1	True	True	SINE
chr22:44552733:44649447:+	retained	2	True	True	SINE
chr22:44554233:44635820:-	retained	1	True	True	SINE
chr22:44555623:44595649:+	retained	1	True	True	SINE
chr22:44603138:44635626:+	retained	1	True	True	SINE
chr22:44614535:44653579:-	retained	1	True	True	SINE
chr22:44629629:44650896:-	retained	1	True	True	SINE
chr22:44633498:44636961:+	retained	1	True	True	Simple_repeat
chr22:44647175:44648079:+	retained	1	True	True	SINE
chr22:44653590:44665806:-	retained	1	True	True	SINE
chr22:44654557:44695041:+	retained	1	True	True	SINE
chr22:44655698:44663079:-	retained	1	True	True	SINE
chr22:44665934:44686222:+	retained	1	True	True	SINE
chr22:44672459:44716936:-	retained	1	True	True	SINE
chr22:44672459:44687925:-	retained	2	True	True	SINE
chr22:44676295:44694436:+	retained	1	True	True	SINE
chr22:44686480:44705767:+	retained	1	True	True	SINE
chr22:44686480:44717858:+	retained	1	True	True	SINE
chr22:44688775:44752013:+	retained	1	True	True	SINE
chr22:44691556:44694319:-	retained	1	True	True	SINE
chr22:44694278:44694910:-	retained	1	True	True	SINE
chr22:44762703:44788277:-	retained	1	True	True	SINE
chr22:44821305:44829165:-	retained	1	True	True	SINE
chr22:44836344:44928552:+	retained	1	True	True	Retroposon,SINE
chr22:44842247:44901275:-	retained	1	True	False	SINE
chr22:44843729:44912782:+	retained	1	True	True	SINE
chr22:44852898:45313417:+	retained	1	True	True	SINE
chr22:44976075:44977468:+	retained	1	True	True	SINE
chr22:44977488:45028244:-	retained	1	True	True	SINE
chr22:45060687:45085947:-	retained	1	True	True	SINE
chr22:45087422:45103650:+	retained	1	True	True	SINE
chr22:45110504:45111257:-	retained	1	True	True	SINE
chr22:45110650:45152940:+	retained	1	True	True	SINE
chr22:45117995:45126376:+	retained	1	True	True	LTR
chr22:45123475:45133227:+	retained	3	True	True	SINE
chr22:45134798:45138823:-	retained	1	True	True	LTR,SINE
chr22:45164297:45168167:+	retained	2	False	False	.
chr22:45171684:45175893:+	retained	1	False	False	.
chr22:45178901:45181285:+	retained	1	False	False	.
chr22:45189381:45247661:+	retained	1	True	True	SINE
chr22:45200036:45202989:-	retained	1	False	False	.
chr22:45248318:45271237:-	retained	2	True	True	SINE
chr22:45253683:45260294:+	retained	1	True	True	SINE
chr22:45257036:45302642:+	retained	1	True	True	SINE
chr22:45271299:45304714:+	retained	1	True	True	SINE
chr22:45277245:45312548:-	retained	1	True	True	SINE
chr22:45282959:45304730:-	retained	2	True	True	SINE
chr22:45296063:45440466:+	retained	1	True	True	SINE
chr22:45297361:45313404:-	retained	1	True	True	SINE
chr22:45302588:45369184:-	retained	1	True	True	SINE
chr22:45313477:45377992:-	retained	1	True	True	SINE
chr22:45322757:45323174:+	retained	1	False	False	.
chr22:45326609:45353052:-	retained	1	True	True	SINE
chr22:45365609:45388890:+	retained	1	True	True	SINE
chr22:45384656:45390640:+	retained	1	True	True	SINE
chr22:45390532:45447363:-	retained	1	True	True	SINE
chr22:45408269:45412343:+	retained	1	True	True	SINE
chr22:45409304:45485732:-	retained	1	True	True	SINE
chr22:45438133:45449364:+	retained	1	True	True	SINE
chr22:45438857:45485732:-	retained	1	True	True	SINE
chr22:45449327:45472159:+	retained	1	True	True	SINE
chr22:45464289:45466141:-	retained	1	True	True	LTR
chr22:45467354:45474887:+	retained	1	True	True	SINE
chr22:45478766:45517796:+	retained	1	True	True	SINE
chr22:45522052:45572954:-	retained	1	True	True	SINE
chr22:45528010:45531264:+	retained	1	False	False	.
chr22:45529803:45571056:+	retained	1	True	True	SINE
chr22:45531325:45533062:+	retained	2	False	False	.
chr22:45533899:45535199:+	retained	2	False	False	.
chr22:45535338:45541228:+	retained	3	False	False	.
chr22:45539344:45556138:+	retained	1	True	True	SINE
chr22:45541373:45542154:+	retained	2	False	False	.
chr22:45542284:45543400:+	retained	2	False	False	.
chr22:45547205:45548612:+	retained	1	False	False	.
chr22:45575015:45596101:-	retained	1	True	True	SINE
chr22:45577109:45600306:+	retained	1	False	False	.
chr22:45619416:45659186:-	retained	1	True	True	SINE
chr22:45632233:45644535:+	retained	1	True	True	SINE
chr22:45650378:45695198:-	retained	1	True	True	SINE
chr22:45650407:45683222:+	retained	1	True	True	SINE
chr22:45670038:45705591:-	retained	1	True	True	SINE
chr22:45672180:45689711:+	retained	1	False	False	.
chr22:45693079:45700281:+	retained	1	False	False	.
chr22:45695071:45759251:-	retained	1	True	True	SINE
chr22:45718494:45729424:+	retained	1	False	False	.
chr22:45902514:45927799:+	retained	1	True	True	SINE
chr22:46142186:46165194:-	retained	1	True	True	SINE
chr22:46153357:46231407:+	retained	1	True	True	SINE
chr22:46154714:46211726:-	retained	1	True	True	SINE
chr22:46164003:46170947:+	retained	3	True	True	SINE
chr22:46171182:46232862:+	retained	1	False	True	SINE
chr22:46172541:46228458:-	retained	1	True	True	SINE
chr22:46182124:46210022:+	retained	1	True	True	SINE
chr22:46206184:46266922:-	retained	1	True	True	SINE
chr22:46212823:46215563:-	retained	1	True	True	SINE
chr22:46220582:46231469:-	retained	1	True	True	SINE
chr22:46223450:46286467:-	retained	1	True	True	SINE
chr22:46275422:46278585:+	retained	1	False	False	.
chr22:46306296:46313622:-	retained	1	True	True	SINE
chr22:46310847:46321320:-	retained	1	True	True	SINE
chr22:46312503:46318542:+	retained	1	True	True	LINE,SINE
chr22:46319755:46327442:+	retained	1	True	True	SINE
chr22:46418381:46512466:+	retained	1	True	True	SINE
chr22:46468261:46476470:-	retained	1	True	True	SINE
chr22:46481855:46501115:-	retained	1	True	True	SINE
chr22:46495976:46496349:-	retained	2	True	True	SINE
chr22:46498129:46545743:+	retained	1	True	True	SINE
chr22:46518820:46566152:+	retained	1	True	True	SINE
chr22:46518849:46757806:-	retained	1	True	True	SINE
chr22:46520110:46531441:+	retained	1	True	True	SINE
chr22:46591608:46683326:+	retained	1	True	True	SINE
chr22:46603749:46623628:-	retained	1	True	True	SINE
chr22:46664118:46665614:+	retained	2	False	False	.
chr22:46683142:46713871:-	retained	1	True	True	SINE
chr22:46688124:46700648:+	retained	1	True	True	SINE
chr22:46711150:46712167:-	retained	1	False	False	.
chr22:46711827:46721152:-	retained	1	True	True	SINE
chr22:46716132:46763394:+	retained	1	True	False	SINE
chr22:46814903:46826129:-	retained	1	True	True	SINE
chr22:46832533:46837947:-	retained	1	True	True	SINE
chr22:47111604:47173497:+	retained	2	False	False	.
chr22:47178052:47217969:-	retained	1	True	True	SINE
chr22:47571439:47579321:-	retained	3	True	True	SINE
chr22:47696240:47704233:+	retained	1	True	True	SINE
chr22:47763088:47771966:-	retained	1	True	True	SINE
chr22:47942993:48033132:+	retained	1	True	True	LTR,SINE
chr22:48243353:48245859:+	retained	1	True	True	SINE
chr22:48298370:48327417:+	retained	1	True	True	SINE
chr22:48437556:48457458:+	retained	1	True	True	SINE
chr22:49057482:49059270:+	retained	2	True	True	SINE
chr22:49071020:49132746:-	retained	1	True	True	SINE,Simple_repeat
chr22:49122534:49167812:-	retained	2	True	True	LTR
chr22:49435025:49464796:-	retained	1	True	True	SINE
chr22:49463566:49473978:-	retained	1	True	True	SINE
chr22:49520041:49560786:+	retained	1	True	True	SINE
chr22:49680898:49696268:-	retained	1	True	True	SINE
chr22:49804361:49822950:-	retained	1	False	False	.
chr22:49817893:49837959:-	retained	1	True	True	SINE
chr22:49835050:49852736:+	retained	1	True	True	SINE
chr22:49847285:49865533:+	retained	1	True	True	SINE
chr22:49908734:49916364:-	retained	1	True	True	SINE
chr22:49940507:49982619:+	retained	1	True	True	SINE
chr22:49961235:49961317:+	retained	1	False	False	.
chr22:50006830:50054934:-	retained	1	True	True	SINE
chr22:50068976:50069274:-	retained	1	True	True	SINE
chr22:50082914:50093759:-	retained	2	True	True	SINE
chr22:50088910:50093133:-	retained	1	True	True	SINE
chr22:50195041:50197240:+	retained	1	False	False	.
chr22:50218118:50218188:-	retained	1	False	False	.
chr22:50221875:50222027:-	retained	2	False	False	.
chr22:50240368:50243718:-	retained	1	False	False	.
chr22:50275809:50275888:-	retained	1	False	False	.
chr22:50280671:50280743:-	retained	1	False	False	.
chr22:50281743:50281853:-	retained	1	False	False	.
chr22:50287265:50287666:-	retained	1	False	True	Simple_repeat
chr22:50334735:50378355:+	retained	1	True	True	SINE
chr22:50349125:50352654:+	retained	1	True	True	SINE
chr22:50378369:50452500:-	retained	1	True	True	SINE
chr22:50395798:50404325:-	retained	1	True	True	SINE
chr22:50419463:50422253:+	retained	2	False	False	.
chr22:50422381:50423461:+	retained	1	False	False	.
chr22:50431383:50432264:+	retained	1	False	False	.
chr22:50438299:50438598:+	retained	1	False	False	.
chr22:50447610:50448232:-	retained	1	False	False	.
chr22:50454945:50455015:-	retained	1	False	False	.
chr22:50455143:50455223:-	retained	1	False	False	.
chr22:50460713:50461158:-	retained	1	False	False	.
chr22:50461287:50461522:-	retained	1	False	False	.
chr22:50461870:50461946:-	retained	1	False	False	.
chr22:50478309:50479539:+	retained	1	True	True	SINE
chr22:50483676:50491517:+	retained	1	False	True	SINE
chr22:50491532:50515347:+	retained	1	True	True	SINE
chr22:50504728:50504801:-	retained	1	False	False	.
chr22:50505335:50505402:-	retained	1	False	False	.
chr22:50505816:50506034:-	retained	1	False	False	.
chr22:50515629:50520102:-	retained	1	True	True	SINE
chr22:50517662:50517740:+	retained	1	False	False	.
chr22:50529339:50529495:-	retained	4	False	False	.
chr22:50569422:50569575:-	retained	1	False	False	.
chr22:50573061:50573519:-	retained	1	False	False	.
chr22:50574601:50576034:-	retained	1	False	False	.
chr22:50595040:50666634:-	retained	1	True	True	SINE
chr22:50616209:50635263:+	retained	1	True	True	SINE
chr22:50619196:50667567:+	retained	1	True	True	SINE
chr22:50624307:50659574:+	retained	1	True	True	SINE
chr22:50690468:50692511:+	retained	1	True	True	SINE
chr22:50708162:50758182:+	retained	1	True	True	SINE
chr22:50715048:50715668:+	retained	1	False	False	.
chr22:50715754:50720183:+	retained	1	False	False	.
chr22:50725060:50750728:-	retained	1	True	True	LINE,SINE
chr22:50774837:50795641:+	retained	1	True	True	SINE
