peptide	gene	hla	hla_resolution	length	splice_mechanism	splice_mechanism_canonical	source	readout	label	tier	confidence	notes	provenance_grade	provenance_ref	evidence_strength	label_rationale	junction_id	junction_mapping_grade	peptide_status	assay_context	venue_type
RLLGTEFQT	SLC45A2	HLA-A*02:01	4-digit	9	alt-5'/junction	alt_5p_ss	SNAF (Li 2024, Sci Transl Med)	IFN-g + MHC-stabilization	positive	functional-scorable	high	one of 5 SNAF IFN-g-tested	direct	SNAF main p10 Fig5A legend (verbatim 'RLLGTEFQT (RLL)') + Fig5C/D; Zotero A46YTSYY	strong	effector readout (IFN-g + MHC-stabilization) -> strong positive.		gene-mechanism	published-recovered	unspecified	journal
FQTRRAMTL	SLC45A2	HLA-A*02:01	4-digit	9	alt-5'/junction	alt_5p_ss	SNAF (Li 2024, Sci Transl Med)	IFN-g + MHC-stabilization	positive	functional-scorable	high	one of 5 SNAF IFN-g-tested	direct	SNAF main p10 Fig5A/B legend (verbatim 'FQTRRAMTL (FQT)'); Zotero A46YTSYY	strong	effector readout (IFN-g + MHC-stabilization) -> strong positive.		gene-mechanism	published-recovered	unspecified	journal
IPDSQGNDI	SLC45A2	HLA-C*04	2-digit	9	alt-5'	alt_5p_ss	SNAF (Li 2024, Sci Transl Med)	IFN-g (41% CD8+) + MS	positive	functional-scorable	high	Data S1 junction E3.2_33963931-E4.2; Fig5 C*04_IPD	inferred	Fig5C label 'C*04_IPD (SLC45A2)' + Data S1-TCGA sheet (Zotero WK4DHT6M xlsx); VERIFY vs synth-peptide list (image-only)	strong	effector readout (IFN-g (41% CD8+) + MS) -> strong positive.	chr5:33954504-33963931(-)	coords	published-recovered	unspecified	journal
IIDNQEPVF	CDH19	HLA-C*04	2-digit	9	alt-3'	alt_3p_ss	SNAF (Li 2024, Sci Transl Med)	IFN-g (28% CD8+) + MS	positive	functional-scorable	high	junction E12.1-E13.2_66509195; triple-confirmed (DataS1+SuppFig7+SuppFig8)	direct	sm.pdf Supp Fig7B (verbatim 'IIDNQEPVF' + 'CDH19:E12.1-E13.2_66509195') + Fig5C 'C*04_IID'; Zotero 7SLW6B96	strong	effector readout (IFN-g (28% CD8+) + MS) -> strong positive.	CDH19:E12.1-E13.2_66509195	event-id	published-recovered	unspecified	journal
STESITATL	PMEL	HLA-C*08	2-digit	9	alt-3'	alt_3p_ss	SNAF (Li 2024, Sci Transl Med)	IFN-g (29% CD8+) + MS	positive	functional-scorable	high	junction E11.9-E12.2_55956189; Fig5 C*08_STE	inferred	Fig5C label 'C*08_STE (PMEL)' + Data S1-TCGA sheet (Zotero WK4DHT6M xlsx); VERIFY vs synth-peptide list (image-only)	strong	effector readout (IFN-g (29% CD8+) + MS) -> strong positive.	chr12:55956189-55956949(-)	coords	published-recovered	unspecified	journal
SLDGTTTKA	CLASP1	HLA-A*02:01	4-digit	9	alt-splicing	alt_splice_junction	IRIS (Pan/Xing, PNAS)	IFN-g + Incucyte cytotoxicity	positive	functional-scorable	high	TCR JPTCR-238	agent-web	IRIS Dataset S3c (Pan et al PNAS); TCR JPTCR-238; NOT in Zotero -- VERIFY in supplement	strong	effector readout (IFN-g + Incucyte cytotoxicity) -> strong positive.		gene-mechanism	published-recovered	cloned_tcr	journal
STMYYLWML	SCAMP3	HLA-A*02:01	4-digit	9	alt-splicing	alt_splice_junction	IRIS (Pan/Xing, PNAS)	IFN-g (4 independent TCR clones)	positive	functional-scorable	high	JPTCR-45/47/50/56	agent-web	IRIS Dataset S3c; JPTCR-45/47/50/56; NOT in Zotero -- VERIFY in supplement	strong	effector readout (IFN-g (4 independent TCR clones)) -> strong positive.		gene-mechanism	published-recovered	cloned_tcr	journal
LLLGIAKLLKV	MAN2C1	HLA-A*02:01	4-digit	11	alt-splicing	alt_splice_junction	IRIS (Pan/Xing, PNAS)	IFN-g ELISA (TCR-transduced PBMC vs K562-A2 + peptide; JPTCR-13)	positive	functional-scorable	high	Promoted candidate->functional-scorable (#904): IRIS supp confirms gate-1 (AS event + junction coords) + gate-2 (cloned JPTCR-13 IFNg ELISA on peptide-pulsed K562-A2). Supp hangs off parent QTGXGQZM (parent-key trap).	direct	IRIS Dataset S3a/b/c + Fig S6 (Zotero QTGXGQZM: pnas.2221116120.sd03.xlsx, sapp.pdf); JPTCR-13	strong	positive: cloned TCR specifically recognizes the single epitope (IRIS Dataset S3c) with IFNg release (Fig S6); A*02:01-restricted (K562-A2).	chr15:-:75655550:75655631:75655089:75656828	coords	published-recovered	cloned_tcr	journal
FLSELEPPA	AP2A1	HLA-A*02:01	4-digit	9	alt-splicing	alt_splice_junction	IRIS (Pan/Xing, PNAS)	IFN-g ELISA (TCR-transduced PBMC vs K562-A2 + peptide; JPTCR-52)	positive	functional-scorable	high	Promoted candidate->functional-scorable (#904): IRIS supp confirms gate-1 (AS event + junction coords) + gate-2 (cloned JPTCR-52 IFNg ELISA on peptide-pulsed K562-A2). Supp hangs off parent QTGXGQZM (parent-key trap).	direct	IRIS Dataset S3a/b/c + Fig S6 (Zotero QTGXGQZM: pnas.2221116120.sd03.xlsx, sapp.pdf); JPTCR-52	strong	positive: cloned TCR specifically recognizes the single epitope (IRIS Dataset S3c) with IFNg release (Fig S6); A*02:01-restricted (K562-A2).	chr19:+:50305790:50305856:50305398:50306205	coords	published-recovered	cloned_tcr	journal
RLWGTWVKA	CLK3	HLA-A*02:01	4-digit	9	junction-derived	alt_splice_junction	Kim 2025 (SF-mutant leukemia)	cytotoxicity + MS	positive	functional-scorable	high	SRSF2/SF3B1/U2AF1 mis-splicing	agent-local	Kim Fig S1B 'CLK3 #1 (RLWGTWVKA)' + MS Fig3G/S4A; Zotero LX6DMXTL	strong	effector readout (cytotoxicity + MS) -> strong positive.		gene-mechanism	published-recovered	unspecified	journal
CLLPPALFL	RHOT2	HLA-A*02:01	4-digit	9	intron-retention	intron_retention	Kim 2025 (SF-mutant leukemia)	tetramer + MS	positive	functional-scorable	high	IR neoepitope	agent-local	Kim Fig S1B 'RHOT2 #5 (CLLPPALFL)' + MS spectrum Fig2C; Zotero LX6DMXTL	weak	antigen-specific detection only (tetramer + MS) -> weak positive.		gene-mechanism	published-recovered	unspecified	journal
RLLAAVLEA	c16orf70	HLA-A*02:01	4-digit	9	poison-exon	poison_exon	Kim 2025 (SF-mutant leukemia)	tetramer + MS	positive	functional-scorable	high		agent-local	Kim Fig2H (MS + label 'RLLAAVLEA') + Fig S1B; Zotero LX6DMXTL	weak	antigen-specific detection only (tetramer + MS) -> weak positive.		gene-mechanism	published-recovered	unspecified	journal
LVAKWLLTI	ATG3	HLA-A*02:01	4-digit	9	minor-intron	minor_intron	Kim 2025 (SF-mutant leukemia)	tetramer	positive	functional-scorable	high		agent-local	Kim Fig S2F 'LVAKWLLTI' + Fig S1B; Zotero LX6DMXTL	weak	antigen-specific detection only (tetramer) -> weak positive.		gene-mechanism	published-recovered	unspecified	journal
FMDDYIFV	MYO1F	HLA-A*02:01	4-digit	8	minor-intron	minor_intron	Kim 2025 (SF-mutant leukemia)	tetramer	positive	functional-scorable	high	8-mer CONFIRMED (Kim FigS2I legend 'MYO1F peptide (FMDDYIFV)')	agent-local	Kim Fig S2H 'FMDDYIFV/FMDDYIFVP'; cf Fig S1B 'MYO1F (RFMDDYIFV)' -- length=8 confirmed FigS2I; Zotero LX6DMXTL	weak	antigen-specific detection only (tetramer) -> weak positive.		gene-mechanism	published-recovered	unspecified	journal
IFSESETRAKF	RCAN1 (RCAN1-4)	HLA-A*24:02	4-digit	11	exon4/exon5 junction	alt_splice_junction	Xiong 2025 (GBM)	IFN-g + LDH killing + in vivo + TCR-T	positive	functional-scorable	high	C/EBPb-induced isoform	agent-local	Xiong Fig3B peptide table 'RCAN1-4_22-32' + Fig3A structure; Zotero JJZL6D84	strong	effector readout (IFN-g + LDH killing + in vivo + TCR-T) -> strong positive.	RCAN1-4:exon4/exon5	event-id	published-recovered	unspecified	journal
TVYTTKIITK	POSTN (POSTN-203)	HLA-A*11:01	2-digit	10	alt-splicing isoform	alt_splice_junction	POSTN-203 study	IFN-g + caspase-3/LDH cytotoxicity	positive	functional-scorable	high	functional epitope POSTN-203_A11; HLA typed at 2-digit (paper: A*11+ GBM line SF10281; IEDB: A11) - A*11:01 used as predominant A11 allele for scoring	direct	Liu et al. Genes Immun 2025 (PMID 40181162; DOI 10.1038/s41435-025-00326-6; Zotero HMXA22SW); IEDB ref1046253; supp S5/S6 functional assays. Corrected from mis-keyed predicted binder KTEGPTLTK (never assayed; absent from IEDB) per #838	strong	effector readout (IFN-g + caspase-3/LDH cytotoxicity) -> strong positive.	ENST00000379747	event-id	published-recovered	unspecified	journal
RSQGWLFLR	not-named	HLA-A*11:01	4-digit	9	ambiguous-splice	ambiguous	Fisher 2026 (CoREST)	ELISpot	positive	functional-scorable	medium	gene not named in source; loaded A*11:01, predicted B*40:01 (restricting allele ambiguous); junction not recoverable: gene not named in source (Fisher 2026 CoREST)	agent-local	Fisher Fig7I peptide table + Fig7J/K ELISpot, p15; Zotero WLSZLMA4	strong	effector readout (ELISpot) -> strong positive.		none	published-recovered	unspecified	journal
AEHAHRVPL	not-named	HLA-A*11:01	4-digit	9	ambiguous-splice	ambiguous	Fisher 2026 (CoREST)	ELISpot	positive	functional-scorable	medium	loaded A*11:01; predicted B*40:01 (restricting allele ambiguous); junction not recoverable: gene not named in source (Fisher 2026 CoREST)	agent-local	Fisher Fig7I + Fig7J/K, p15; Zotero WLSZLMA4	strong	effector readout (ELISpot) -> strong positive.		none	published-recovered	unspecified	journal
SLLLPSFHL	GNAS	HLA-A*02:01	4-digit	9	frameshift neojunction	neojunction_frameshift	Kwok 2024 (Nature)	IFN-g + dextramer + MS + cytotoxicity	positive	functional-scorable	high	recurrent tumor-wide public NEJ (NeoA-GNAS); 9-mer recovered from authors' IEDB deposit ref1045680 (not legible in paper figures); IEDB parent antigen = GNAS G(s)alpha-short 356-364	direct	Kwok et al. Nature 2025 (PMID 39972144; DOI 10.1038/s41586-024-08552-0; Zotero 5ZT8KC8X / PDF EA2NMFNZ); sequence from IEDB deposit ref1045680 (parent antigen GNAS); recovered via #838	strong	functionally validated NEJ public neoantigen (IFN-g + dextramer + MS + cytotoxicity); sequence recovered -> scorable.		gene-mechanism	published-recovered	unspecified	journal
GIMDAANFFL	RPL22	HLA-A*02:01	4-digit	10	in-frame neojunction	neojunction_inframe	Kwok 2024 (Nature)	IFN-g + MS + cytotoxicity	positive	functional-scorable	high	recurrent public NEJ (NeoA-RPL22, in-frame A3 loss of 6 nt); 10-mer recovered from authors' IEDB deposit ref1045680; gate-1 confirmed: RPL22 WT GIMDAANFEQFLQER - in-frame loss of EQ -> GIMDAANFFLQER (A*02:01 GIMDAANFFL); supersedes prior illustrative ~LALDVLQGYSL	direct	Kwok et al. Nature 2025 (PMID 39972144; DOI 10.1038/s41586-024-08552-0; Zotero 5ZT8KC8X / PDF EA2NMFNZ); sequence from IEDB deposit ref1045680 (gene unannotated in IEDB; RPL22 junction-mapping confirmed independently vs UniProt P35268); recovered via #838	strong	functionally validated NEJ public neoantigen (IFN-g + MS + cytotoxicity); sequence recovered + junction-confirmed -> scorable.		gene-mechanism	published-recovered	unspecified	journal
TEFQTRRAM	SLC45A2	HLA-A*02	2-digit	9	alt-5'	alt_5p_ss	SNAF (Li 2024, Sci Transl Med)	prevalence (212/472 TCGA-SKCM) + survival assoc + predicted binding	untested	presentation-prevalence	high	NOT in the 5 IFN-g-tested SNAF peptides; no functional T-cell assay performed	direct	SNAF main text (verbatim '212 of 472 patients from the TCGA SKCM cohort') + sm.pdf Supp Fig5B 'SLC45A2 TEFQTRRAM'; Zotero A46YTSYY/7SLW6B96	na	presented + prevalence/survival evidence but no functional T-cell assay performed; untested.		gene-mechanism	published-recovered	prevalence_only	journal
VELEDHVML	not-named	HLA-A*11:01	4-digit	9	splice-derived	ambiguous	Fisher 2026 (CoREST)	ELISpot - NO T-cell response	negative	hard-negative-true-splice	high	MS-presented (immune-score 0.91) yet non-immunogenic; gold-standard hard negative; loaded A*11:01, predicted B*40:01 (restricting allele ambiguous) -- score against assay allele; junction not recoverable: gene not named in source (Fisher 2026 CoREST)	agent-local	Fisher Fig7I + Fig7J/K ELISpot, p15; Zotero WLSZLMA4	hard	splice-derived, MS-presented, functional assay performed, no T-cell response (hard negative).		none	published-recovered	unspecified	journal
VFVDGLCRAKF	RCAN1 (RCAN1-1 constitutive)	HLA-A*24:02	4-digit	11	constitutive (NOT splice)	not_splice	Xiong 2025 (GBM)	non-immunogenic control	negative	negative-control-not-splice	high	same-locus control for IFSESETRAKF; fails splice gate; junction not recoverable: constitutive exon (RCAN1-1_77-87); not a splice junction	agent-local	Xiong: RCAN1-1_77-87 control; VERIFY Fig3 control panels; Zotero JJZL6D84	na	constitutive same-locus control; fails the splice gate; control only.		none	published-recovered	na	journal
ILAFIAPLK	CHD7	HLA-A*11:01	4-digit	9	intron-retention	intron_retention	Manoharan 2026 (IR-CRC)	ELISpot + tetramer (healthy-donor IVS)	positive	functional-scorable	medium	healthy-donor moDC-primed IVS, NOT patient T cells -> IVS-grade	direct	Manoharan 2026 PMC13096189 Table 1 (IR3); 2 independent PMC reads; Zotero ZAT8678F	strong	effector readout (ELISpot + tetramer (healthy-donor IVS)) -> strong positive.		gene-mechanism	published-recovered	healthy_donor_ivs	journal
RQDPAPQQV	FERMT3	HLA-A*02:01	4-digit	9	intron-retention	intron_retention	Manoharan 2026 (IR-CRC)	tetramer 2.56% + GZMB reporter + CD137 (healthy-donor IVS)	positive	functional-scorable	medium	restricted/validated on A*02:01 (also predicted A*24:07, not functionally used); healthy-donor IVS	direct	Manoharan 2026 PMC13096189 Table 1 (IR7); 2 independent PMC reads; Zotero ZAT8678F	strong	effector readout (tetramer 2.56% + GZMB reporter + CD137 (healthy-donor IVS)) -> strong positive.		gene-mechanism	published-recovered	healthy_donor_ivs	journal
AVLHGRLFL	TPCN2	HLA-A*02:06	4-digit	9	intron-retention	intron_retention	Manoharan 2026 (IR-CRC)	IFN-g ELISpot + GZMB reporter + CD137 (healthy-donor IVS)	positive	functional-scorable	medium	healthy-donor moDC-primed IVS, NOT patient T cells -> IVS-grade; adds A*02:06	direct	Manoharan 2026 PMC13096189 Table 1 (IR9); 2 independent PMC reads; Zotero ZAT8678F	strong	effector readout (IFN-g ELISpot + GZMB reporter + CD137 (healthy-donor IVS)) -> strong positive.		gene-mechanism	published-recovered	healthy_donor_ivs	journal
LSCSPMMRK	LRRC8B	HLA-A*11:01	4-digit	9	intron-retention	intron_retention	Manoharan 2026 (IR-CRC)	functional screen (ELISpot/GZMB/CD137) - NO T-cell response (healthy-donor IVS)	negative	candidate-negative	medium	tested-negative SOFT negative: failed to prime in healthy-donor IVS; NOT a gold-standard hard negative (cf VELEDHVML which is MS-presented + ELISpot-neg)	direct	Manoharan 2026 PMC13096189 Table 1 (IR1); 2 independent PMC reads; Zotero ZAT8678F	soft	tested-negative in healthy-donor IVS; failed-to-prime != intrinsically non-immunogenic (soft negative).		gene-mechanism	published-recovered	healthy_donor_ivs	journal
QLLGPWVFK	OPLAH	HLA-A*11:01	4-digit	9	intron-retention	intron_retention	Manoharan 2026 (IR-CRC)	functional screen (ELISpot/GZMB/CD137) - NO T-cell response (healthy-donor IVS)	negative	candidate-negative	medium	tested-negative SOFT negative: failed to prime in healthy-donor IVS; NOT a gold-standard hard negative (cf VELEDHVML which is MS-presented + ELISpot-neg)	direct	Manoharan 2026 PMC13096189 Table 1 (IR2); 2 independent PMC reads; Zotero ZAT8678F	soft	tested-negative in healthy-donor IVS; failed-to-prime != intrinsically non-immunogenic (soft negative).		gene-mechanism	published-recovered	healthy_donor_ivs	journal
NLFQVMHIK	FANCB	HLA-A*11:01	4-digit	9	intron-retention	intron_retention	Manoharan 2026 (IR-CRC)	functional screen (ELISpot/GZMB/CD137) - NO T-cell response (healthy-donor IVS)	negative	candidate-negative	medium	tested-negative SOFT negative: failed to prime in healthy-donor IVS; NOT a gold-standard hard negative (cf VELEDHVML which is MS-presented + ELISpot-neg)	direct	Manoharan 2026 PMC13096189 Table 1 (IR4); 2 independent PMC reads; Zotero ZAT8678F	soft	tested-negative in healthy-donor IVS; failed-to-prime != intrinsically non-immunogenic (soft negative).		gene-mechanism	published-recovered	healthy_donor_ivs	journal
AVVAMVTLM	PLEKHG5	HLA-A*34:01	4-digit	9	intron-retention	intron_retention	Manoharan 2026 (IR-CRC)	functional screen (ELISpot/GZMB/CD137) - NO T-cell response (healthy-donor IVS)	negative	candidate-negative	medium	tested-negative SOFT negative: failed to prime in healthy-donor IVS; NOT a gold-standard hard negative (cf VELEDHVML which is MS-presented + ELISpot-neg)	direct	Manoharan 2026 PMC13096189 Table 1 (IR5); 2 independent PMC reads; Zotero ZAT8678F	soft	tested-negative in healthy-donor IVS; failed-to-prime != intrinsically non-immunogenic (soft negative).		gene-mechanism	published-recovered	healthy_donor_ivs	journal
MWSFIHNNL	WDR19	HLA-A*24:07	4-digit	9	intron-retention	intron_retention	Manoharan 2026 (IR-CRC)	functional screen (ELISpot/GZMB/CD137) - NO T-cell response (healthy-donor IVS)	negative	candidate-negative	medium	tested-negative SOFT negative: failed to prime in healthy-donor IVS; NOT a gold-standard hard negative (cf VELEDHVML which is MS-presented + ELISpot-neg)	direct	Manoharan 2026 PMC13096189 Table 1 (IR6); 2 independent PMC reads; Zotero ZAT8678F	soft	tested-negative in healthy-donor IVS; failed-to-prime != intrinsically non-immunogenic (soft negative).		gene-mechanism	published-recovered	healthy_donor_ivs	journal
SLPPGLRGT	RNF123	HLA-A*02:07	4-digit	9	intron-retention	intron_retention	Manoharan 2026 (IR-CRC)	functional screen (ELISpot/GZMB/CD137) - NO T-cell response (healthy-donor IVS)	negative	candidate-negative	medium	tested-negative SOFT negative: failed to prime in healthy-donor IVS; NOT a gold-standard hard negative (cf VELEDHVML which is MS-presented + ELISpot-neg)	direct	Manoharan 2026 PMC13096189 Table 1 (IR8); 2 independent PMC reads; Zotero ZAT8678F	soft	tested-negative in healthy-donor IVS; failed-to-prime != intrinsically non-immunogenic (soft negative).		gene-mechanism	published-recovered	healthy_donor_ivs	journal
TGRGVLCLR	ITGAM	HLA-A*31:01	4-digit	9	intron-retention	intron_retention	Manoharan 2026 (IR-CRC)	functional screen (ELISpot/GZMB/CD137) - NO T-cell response (healthy-donor IVS)	negative	candidate-negative	medium	tested-negative SOFT negative: failed to prime in healthy-donor IVS; NOT a gold-standard hard negative (cf VELEDHVML which is MS-presented + ELISpot-neg)	direct	Manoharan 2026 PMC13096189 Table 1 (IR10); 2 independent PMC reads; Zotero ZAT8678F	soft	tested-negative in healthy-donor IVS; failed-to-prime != intrinsically non-immunogenic (soft negative).		gene-mechanism	published-recovered	healthy_donor_ivs	journal
SLLASSPAR	CDH24	HLA-A*11:01	4-digit	9	intron-retention	intron_retention	Manoharan 2026 (IR-CRC)	functional screen (ELISpot/GZMB/CD137) - NO T-cell response (healthy-donor IVS)	negative	candidate-negative	medium	tested-negative SOFT negative: failed to prime in healthy-donor IVS (also predicted A*31:01); NOT a gold-standard hard negative (cf VELEDHVML which is MS-presented + ELISpot-neg)	direct	Manoharan 2026 PMC13096189 Table 1 (IR11); 2 independent PMC reads; Zotero ZAT8678F	soft	tested-negative in healthy-donor IVS; failed-to-prime != intrinsically non-immunogenic (soft negative).		gene-mechanism	published-recovered	healthy_donor_ivs	journal
LLGETKVYV	SRSF7	HLA-A*02:01	4-digit	9	exon-TE junction	exon_te_junction	Merlotti 2023 (NSCLC exon-TE)	patient tetramer+ CD8 (ex-vivo) + cloned-TCR Jurkat-TPR activation	positive	functional-scorable	high	exon-TE junction (SVA_D); ex-vivo patient tetramer+ (Fig5D) + functional cloned TCR (FigS4I/J)	direct	Merlotti 2023 Data file S7 (ID 3228-1) seq + Fig5D/5G + FigS4I/J; Zotero 5ZADNVCB (local supp xlsx)	strong	effector readout (patient tetramer+ CD8 (ex-vivo) + cloned-TCR Jurkat-TPR activation) -> strong positive.	Merlotti2023-S7:3228-1	event-id	published-recovered	patient_exvivo	journal
LLDRFGYHV	FRG1B	HLA-A*02:01	4-digit	9	exon-TE junction	exon_te_junction	Merlotti 2023 (NSCLC exon-TE)	patient tetramer+ CD8 (ex-vivo/TIL) + cloned-TCR activation	positive	functional-scorable	high	exon-TE junction (HERVL74-int, acceptor); ex-vivo + Day20 TIL + cloned TCR	direct	Merlotti 2023 Data file S7 (ID 321) seq + Fig5D/5G/S5D + FigS4I/J; Zotero 5ZADNVCB (local supp xlsx)	strong	effector readout (patient tetramer+ CD8 (ex-vivo/TIL) + cloned-TCR activation) -> strong positive.	Merlotti2023-S7:321	event-id	published-recovered	patient_exvivo	journal
YLWTTFFPL	SCGB3A2	HLA-A*02:01	4-digit	9	exon-TE frameshift	exon_te_junction	Merlotti 2023 (NSCLC exon-TE)	patient tetramer+ CD8 (TIL/LN) + cloned-TCR activation	positive	functional-scorable	high	exon-TE frameshift (HERVH-int); Day20 TIL + draining-LN + cloned TCR	direct	Merlotti 2023 Data file S7 (ID 704) seq + Fig5G/S5D + FigS4I/J; Zotero 5ZADNVCB (local supp xlsx)	strong	effector readout (patient tetramer+ CD8 (TIL/LN) + cloned-TCR activation) -> strong positive.	Merlotti2023-S7:704	event-id	published-recovered	patient_til	journal
SLMQSGSPV	SBNO2	HLA-A*02:01	4-digit	9	exon-TE frameshift	exon_te_junction	Merlotti 2023 (NSCLC exon-TE)	patient tetramer+ CD8 (ex-vivo TIL/PBMC)	positive	functional-scorable	medium	exon-TE (AluSc); patient tetramer+ [ex-vivo + Day20 + LN]; tetramer-DETECTION only (no per-peptide IFN-g/killing)	direct	Merlotti 2023 Data file S7 (ID 299) seq + Fig5D/5G/S5D; Zotero 5ZADNVCB (local supp xlsx)	weak	antigen-specific detection only (patient tetramer+ CD8 (ex-vivo TIL/PBMC)) -> weak positive.	Merlotti2023-S7:299	event-id	published-recovered	patient_exvivo	journal
AILPKANTV	DCBLD2	HLA-A*02:01	4-digit	9	exon-TE junction	exon_te_junction	Merlotti 2023 (NSCLC exon-TE)	patient tetramer+ CD8 (ex-vivo TIL/PBMC)	positive	functional-scorable	medium	exon-TE (L1PA5); patient tetramer+ [ex-vivo + Day20 + LN]; tetramer-DETECTION only (no per-peptide IFN-g/killing)	direct	Merlotti 2023 Data file S7 (ID 4111) seq + Fig5D/5G/S5D; Zotero 5ZADNVCB (local supp xlsx)	weak	antigen-specific detection only (patient tetramer+ CD8 (ex-vivo TIL/PBMC)) -> weak positive.	Merlotti2023-S7:4111	event-id	published-recovered	patient_exvivo	journal
YLPYFLKSL	KYNU	HLA-A*02:01	4-digit	9	exon-TE junction	exon_te_junction	Merlotti 2023 (NSCLC exon-TE)	patient tetramer+ CD8 (ex-vivo TIL/PBMC)	positive	functional-scorable	medium	exon-TE (MIR3); patient tetramer+ [ex-vivo + Day20 + LN]; tetramer-DETECTION only (no per-peptide IFN-g/killing)	direct	Merlotti 2023 Data file S7 (ID 2242) seq + Fig5D/5G/S5D; Zotero 5ZADNVCB (local supp xlsx)	weak	antigen-specific detection only (patient tetramer+ CD8 (ex-vivo TIL/PBMC)) -> weak positive.	Merlotti2023-S7:2242	event-id	published-recovered	patient_exvivo	journal
ILSGYGPCV	TENM1	HLA-A*02:01	4-digit	9	exon-TE frameshift	exon_te_junction	Merlotti 2023 (NSCLC exon-TE)	patient tetramer+ CD8 (ex-vivo TIL/PBMC)	positive	functional-scorable	medium	exon-TE (L1MC3); patient tetramer+ [ex-vivo + Day20]; tetramer-DETECTION only (no per-peptide IFN-g/killing)	direct	Merlotti 2023 Data file S7 (ID 2930-1) seq + Fig5D/5G; Zotero 5ZADNVCB (local supp xlsx)	weak	antigen-specific detection only (patient tetramer+ CD8 (ex-vivo TIL/PBMC)) -> weak positive.	Merlotti2023-S7:2930-1	event-id	published-recovered	patient_exvivo	journal
ILANLPPAL	ATAD3B	HLA-A*02:01	4-digit	9	exon-TE junction	exon_te_junction	Merlotti 2023 (NSCLC exon-TE)	patient tetramer+ CD8 (ex-vivo TIL/PBMC)	positive	functional-scorable	medium	exon-TE (AluY); patient tetramer+ [ex-vivo + Day20 (2 patients)]; tetramer-DETECTION only (no per-peptide IFN-g/killing)	direct	Merlotti 2023 Data file S7 (ID 1825) seq + Fig5D/5G; Zotero 5ZADNVCB (local supp xlsx)	weak	antigen-specific detection only (patient tetramer+ CD8 (ex-vivo TIL/PBMC)) -> weak positive.	Merlotti2023-S7:1825	event-id	published-recovered	patient_exvivo	journal
RLLHLESFL	SLC39A11	HLA-A*02:01	4-digit	9	exon-TE frameshift	exon_te_junction	Merlotti 2023 (NSCLC exon-TE)	patient tetramer+ CD8 (ex-vivo TIL/PBMC)	positive	functional-scorable	medium	exon-TE (MLT1C); patient tetramer+ [Day20 (3 patients) + LN]; tetramer-DETECTION only (no per-peptide IFN-g/killing)	direct	Merlotti 2023 Data file S7 (ID 1375) seq + Fig5G/S5D; Zotero 5ZADNVCB (local supp xlsx)	weak	antigen-specific detection only (patient tetramer+ CD8 (ex-vivo TIL/PBMC)) -> weak positive.	Merlotti2023-S7:1375	event-id	published-recovered	patient_til	journal
VLMWTMAHL	PDE4D	HLA-A*02:01	4-digit	9	exon-TE junction	exon_te_junction	Merlotti 2023 (NSCLC exon-TE)	patient tetramer+ CD8 (ex-vivo TIL/PBMC)	positive	functional-scorable	medium	exon-TE (MER21A); patient tetramer+ [Day20 (2 patients) + LN]; tetramer-DETECTION only (no per-peptide IFN-g/killing)	direct	Merlotti 2023 Data file S7 (ID 4188) seq + Fig5G/S5D; Zotero 5ZADNVCB (local supp xlsx)	weak	antigen-specific detection only (patient tetramer+ CD8 (ex-vivo TIL/PBMC)) -> weak positive.	Merlotti2023-S7:4188	event-id	published-recovered	patient_til	journal
AALPILFQV	ATP8B2	HLA-A*02:01	4-digit	9	SF3B1-mut aberrant 3'SS; frameshift+NMD (S8)	neojunction_frameshift	Bigot 2021 (SF3B1 UM)	degranulation + patient tetramer+	positive	functional-scorable	high	A2:17; S8 junction-validated (alt mRNA +20,NMD+); effector-confirmed + patient ex-vivo tetramer	direct	Bigot 2021 Cancer Discov PMID 33811047; S2 panel (A2:17) seq + S8 junction + IEDB ref1040678 assays; JEM2024 PMC10986814 corroborates seq; erratum CD-22-0009 not read, seq cross-confirmed (S2+IEDB+JEM)	strong	effector readout (degranulation + patient tetramer+) -> strong positive.	Bigot2021-S8:A2:17	event-id	published-recovered	patient_exvivo	journal
ALDDPVIFL	SEPSECS	HLA-A*02:01	4-digit	9	SF3B1-mut aberrant 3'SS (A2 panel)	alt_3p_ss	Bigot 2021 (SF3B1 UM)	patient tetramer+ (ex-vivo, S2 panel)	positive	functional-scorable	medium	A2:11; SF3B1-aberrant-splicing neoepitope panel; tetramer-DETECTION only (ex-vivo patient CD8), no per-peptide effector/junction	direct	Bigot 2021 Cancer Discov PMID 33811047; S2 panel (A2:11) seq + IEDB ref1040678 (tetramer); gene=IEDB r_object; erratum CD-22-0009 not read, seq cross-confirmed (S2+IEDB)	weak	antigen-specific detection only (patient tetramer+ (ex-vivo, S2 panel)) -> weak positive.		gene-mechanism	published-recovered	patient_exvivo	journal
ALDNVDAPL	UBA1	HLA-A*02:01	4-digit	9	SF3B1-mut aberrant 3'SS (A2 panel)	alt_3p_ss	Bigot 2021 (SF3B1 UM)	patient tetramer+ (ex-vivo, S2 panel)	positive	functional-scorable	medium	A2:36; SF3B1-aberrant-splicing neoepitope panel; tetramer-DETECTION only (ex-vivo patient CD8), no per-peptide effector/junction	direct	Bigot 2021 Cancer Discov PMID 33811047; S2 panel (A2:36) seq + IEDB ref1040678 (tetramer); gene=IEDB r_object; erratum CD-22-0009 not read, seq cross-confirmed (S2+IEDB)	weak	antigen-specific detection only (patient tetramer+ (ex-vivo, S2 panel)) -> weak positive.		gene-mechanism	published-recovered	patient_exvivo	journal
ALLLQLFTL	USP39	HLA-A*02:01	4-digit	9	SF3B1-mut aberrant 3'SS; frameshift+NMD (S8)	neojunction_frameshift	Bigot 2021 (SF3B1 UM)	IFNg + cytotoxicity + granzyme B + CD107 + patient tetramer+	positive	functional-scorable	high	A2:18; S8 junction-validated (alt mRNA +40,NMD+); effector-confirmed + patient ex-vivo tetramer	direct	Bigot 2021 Cancer Discov PMID 33811047; S2 panel (A2:18) seq + S8 junction + IEDB ref1040678 assays; JEM2024 PMC10986814 corroborates seq; erratum CD-22-0009 not read, seq cross-confirmed (S2+IEDB+JEM)	strong	effector readout (IFNg + cytotoxicity + granzyme B + CD107 + patient tetramer+) -> strong positive.	Bigot2021-S8:A2:18	event-id	published-recovered	patient_exvivo	journal
ALLPGLPAA	NET1	HLA-A*02:01	4-digit	9	SF3B1-mut aberrant 3'SS; frameshift+NMD (S8)	neojunction_frameshift	Bigot 2021 (SF3B1 UM)	IFNg + cytotoxicity + degranulation + patient tetramer+	positive	functional-scorable	high	A2:26; S8 junction-validated (alt mRNA +22); effector-confirmed + patient ex-vivo tetramer	direct	Bigot 2021 Cancer Discov PMID 33811047; S2 panel (A2:26) seq + S8 junction + IEDB ref1040678 assays; JEM2024 PMC10986814 corroborates seq; erratum CD-22-0009 not read, seq cross-confirmed (S2+IEDB+JEM)	strong	effector readout (IFNg + cytotoxicity + degranulation + patient tetramer+) -> strong positive.	Bigot2021-S8:A2:26	event-id	published-recovered	patient_exvivo	journal
AVAEATAGV	not-named	HLA-A*02:01	4-digit	9	SF3B1-mut aberrant 3'SS (A2 panel)	alt_3p_ss	Bigot 2021 (SF3B1 UM)	patient tetramer+ (ex-vivo, S2 panel)	positive	functional-scorable	medium	A2:40; SF3B1-aberrant-splicing neoepitope panel; tetramer-DETECTION only (ex-vivo patient CD8), no per-peptide effector/junction	direct	Bigot 2021 Cancer Discov PMID 33811047; S2 panel (A2:40) seq + IEDB ref1040678 (tetramer); gene=IEDB r_object; erratum CD-22-0009 not read, seq cross-confirmed (S2+IEDB)	weak	antigen-specific detection only (patient tetramer+ (ex-vivo, S2 panel)) -> weak positive.		gene-mechanism	published-recovered	patient_exvivo	journal
CLFSPQLLV	not-named	HLA-A*02:01	4-digit	9	SF3B1-mut aberrant 3'SS (A2 panel)	alt_3p_ss	Bigot 2021 (SF3B1 UM)	patient tetramer+ (ex-vivo, S2 panel)	positive	functional-scorable	medium	A2:6; SF3B1-aberrant-splicing neoepitope panel; tetramer-DETECTION only (ex-vivo patient CD8), no per-peptide effector/junction	direct	Bigot 2021 Cancer Discov PMID 33811047; S2 panel (A2:6) seq + IEDB ref1040678 (tetramer); gene=IEDB r_object; erratum CD-22-0009 not read, seq cross-confirmed (S2+IEDB)	weak	antigen-specific detection only (patient tetramer+ (ex-vivo, S2 panel)) -> weak positive.		gene-mechanism	published-recovered	patient_exvivo	journal
FILKPILFL	CTDNEP1	HLA-A*02:01	4-digit	9	SF3B1-mut aberrant 3'SS (A2 panel)	alt_3p_ss	Bigot 2021 (SF3B1 UM)	patient tetramer+ (ex-vivo, S2 panel)	positive	functional-scorable	medium	A2:45; SF3B1-aberrant-splicing neoepitope panel; tetramer-DETECTION only (ex-vivo patient CD8), no per-peptide effector/junction	direct	Bigot 2021 Cancer Discov PMID 33811047; S2 panel (A2:45) seq + IEDB ref1040678 (tetramer); gene=IEDB r_object; erratum CD-22-0009 not read, seq cross-confirmed (S2+IEDB)	weak	antigen-specific detection only (patient tetramer+ (ex-vivo, S2 panel)) -> weak positive.		gene-mechanism	published-recovered	patient_exvivo	journal
FLFIGMSQM	ARIH1	HLA-A*02:01	4-digit	9	SF3B1-mut aberrant 3'SS (A2 panel)	alt_3p_ss	Bigot 2021 (SF3B1 UM)	patient tetramer+ (ex-vivo, S2 panel)	positive	functional-scorable	medium	A2:31; SF3B1-aberrant-splicing neoepitope panel; tetramer-DETECTION only (ex-vivo patient CD8), no per-peptide effector/junction	direct	Bigot 2021 Cancer Discov PMID 33811047; S2 panel (A2:31) seq + IEDB ref1040678 (tetramer); gene=IEDB r_object; erratum CD-22-0009 not read, seq cross-confirmed (S2+IEDB)	weak	antigen-specific detection only (patient tetramer+ (ex-vivo, S2 panel)) -> weak positive.		gene-mechanism	published-recovered	patient_exvivo	journal
FLFLDTIRT	MRPS10	HLA-A*02:01	4-digit	9	SF3B1-mut aberrant 3'SS (A2 panel)	alt_3p_ss	Bigot 2021 (SF3B1 UM)	patient tetramer+ (ex-vivo, S2 panel)	positive	functional-scorable	medium	A2:35; SF3B1-aberrant-splicing neoepitope panel; tetramer-DETECTION only (ex-vivo patient CD8), no per-peptide effector/junction	direct	Bigot 2021 Cancer Discov PMID 33811047; S2 panel (A2:35) seq + IEDB ref1040678 (tetramer); gene=IEDB r_object; erratum CD-22-0009 not read, seq cross-confirmed (S2+IEDB)	weak	antigen-specific detection only (patient tetramer+ (ex-vivo, S2 panel)) -> weak positive.		gene-mechanism	published-recovered	patient_exvivo	journal
FLILQVHGT	ZFYVE27	HLA-A*02:01	4-digit	9	SF3B1-mut aberrant 3'SS (A2 panel)	alt_3p_ss	Bigot 2021 (SF3B1 UM)	patient tetramer+ (ex-vivo, S2 panel)	positive	functional-scorable	medium	A2:25; SF3B1-aberrant-splicing neoepitope panel; tetramer-DETECTION only (ex-vivo patient CD8), no per-peptide effector/junction	direct	Bigot 2021 Cancer Discov PMID 33811047; S2 panel (A2:25) seq + IEDB ref1040678 (tetramer); gene=IEDB r_object; erratum CD-22-0009 not read, seq cross-confirmed (S2+IEDB)	weak	antigen-specific detection only (patient tetramer+ (ex-vivo, S2 panel)) -> weak positive.		gene-mechanism	published-recovered	patient_exvivo	journal
FLPPGGAPV	VPS51	HLA-A*02:01	4-digit	9	SF3B1-mut aberrant 3'SS (A2 panel)	alt_3p_ss	Bigot 2021 (SF3B1 UM)	patient tetramer+ (ex-vivo, S2 panel)	positive	functional-scorable	medium	A2:2; SF3B1-aberrant-splicing neoepitope panel; tetramer-DETECTION only (ex-vivo patient CD8), no per-peptide effector/junction	direct	Bigot 2021 Cancer Discov PMID 33811047; S2 panel (A2:2) seq + IEDB ref1040678 (tetramer); gene=IEDB r_object; erratum CD-22-0009 not read, seq cross-confirmed (S2+IEDB)	weak	antigen-specific detection only (patient tetramer+ (ex-vivo, S2 panel)) -> weak positive.		gene-mechanism	published-recovered	patient_exvivo	journal
FLSRKLSSL	MINDY4	HLA-A*02:01	4-digit	9	SF3B1-mut aberrant 3'SS (A2 panel)	alt_3p_ss	Bigot 2021 (SF3B1 UM)	patient tetramer+ (ex-vivo, S2 panel)	positive	functional-scorable	medium	A2:12; SF3B1-aberrant-splicing neoepitope panel; tetramer-DETECTION only (ex-vivo patient CD8), no per-peptide effector/junction	direct	Bigot 2021 Cancer Discov PMID 33811047; S2 panel (A2:12) seq + IEDB ref1040678 (tetramer); gene=IEDB r_object; erratum CD-22-0009 not read, seq cross-confirmed (S2+IEDB)	weak	antigen-specific detection only (patient tetramer+ (ex-vivo, S2 panel)) -> weak positive.		gene-mechanism	published-recovered	patient_exvivo	journal
FLSSVALAL	ZDHHC16	HLA-A*02:01	4-digit	9	SF3B1-mut aberrant 3'SS (A2 panel)	alt_3p_ss	Bigot 2021 (SF3B1 UM)	patient tetramer+ (ex-vivo, S2 panel)	positive	functional-scorable	medium	A2:1; SF3B1-aberrant-splicing neoepitope panel; tetramer-DETECTION only (ex-vivo patient CD8), no per-peptide effector/junction	direct	Bigot 2021 Cancer Discov PMID 33811047; S2 panel (A2:1) seq + IEDB ref1040678 (tetramer); gene=IEDB r_object; erratum CD-22-0009 not read, seq cross-confirmed (S2+IEDB)	weak	antigen-specific detection only (patient tetramer+ (ex-vivo, S2 panel)) -> weak positive.		gene-mechanism	published-recovered	patient_exvivo	journal
FLTLNEVFL	ZFYVE27	HLA-A*02:01	4-digit	9	SF3B1-mut aberrant 3'SS (A2 panel)	alt_3p_ss	Bigot 2021 (SF3B1 UM)	patient tetramer+ (ex-vivo, S2 panel)	positive	functional-scorable	medium	A2:23; SF3B1-aberrant-splicing neoepitope panel; tetramer-DETECTION only (ex-vivo patient CD8), no per-peptide effector/junction	direct	Bigot 2021 Cancer Discov PMID 33811047; S2 panel (A2:23) seq + IEDB ref1040678 (tetramer); gene=IEDB r_object; erratum CD-22-0009 not read, seq cross-confirmed (S2+IEDB)	weak	antigen-specific detection only (patient tetramer+ (ex-vivo, S2 panel)) -> weak positive.		gene-mechanism	published-recovered	patient_exvivo	journal
FLWCFPFSL	SOAT1	HLA-A*02:01	4-digit	9	SF3B1-mut aberrant 3'SS (A2 panel)	alt_3p_ss	Bigot 2021 (SF3B1 UM)	patient tetramer+ (ex-vivo, S2 panel)	positive	functional-scorable	medium	A2:29; SF3B1-aberrant-splicing neoepitope panel; tetramer-DETECTION only (ex-vivo patient CD8), no per-peptide effector/junction	direct	Bigot 2021 Cancer Discov PMID 33811047; S2 panel (A2:29) seq + IEDB ref1040678 (tetramer); gene=IEDB r_object; erratum CD-22-0009 not read, seq cross-confirmed (S2+IEDB)	weak	antigen-specific detection only (patient tetramer+ (ex-vivo, S2 panel)) -> weak positive.		gene-mechanism	published-recovered	patient_exvivo	journal
FMALDDPVI	SEPSECS	HLA-A*02:01	4-digit	9	SF3B1-mut aberrant 3'SS (A2 panel)	alt_3p_ss	Bigot 2021 (SF3B1 UM)	patient tetramer+ (ex-vivo, S2 panel)	positive	functional-scorable	medium	A2:10; SF3B1-aberrant-splicing neoepitope panel; tetramer-DETECTION only (ex-vivo patient CD8), no per-peptide effector/junction	direct	Bigot 2021 Cancer Discov PMID 33811047; S2 panel (A2:10) seq + IEDB ref1040678 (tetramer); gene=IEDB r_object; erratum CD-22-0009 not read, seq cross-confirmed (S2+IEDB)	weak	antigen-specific detection only (patient tetramer+ (ex-vivo, S2 panel)) -> weak positive.		gene-mechanism	published-recovered	patient_exvivo	journal
FMDDAKILF	not-named	HLA-A*02:01	4-digit	9	SF3B1-mut aberrant 3'SS (A2 panel)	alt_3p_ss	Bigot 2021 (SF3B1 UM)	patient tetramer+ (ex-vivo, S2 panel)	positive	functional-scorable	medium	A2:33; SF3B1-aberrant-splicing neoepitope panel; tetramer-DETECTION only (ex-vivo patient CD8), no per-peptide effector/junction	direct	Bigot 2021 Cancer Discov PMID 33811047; S2 panel (A2:33) seq + IEDB ref1040678 (tetramer); gene=IEDB r_object; erratum CD-22-0009 not read, seq cross-confirmed (S2+IEDB)	weak	antigen-specific detection only (patient tetramer+ (ex-vivo, S2 panel)) -> weak positive.		gene-mechanism	published-recovered	patient_exvivo	journal
FQVQSLPAA	OXA1L	HLA-A*02:01	4-digit	9	SF3B1-mut aberrant 3'SS (A2 panel)	alt_3p_ss	Bigot 2021 (SF3B1 UM)	patient tetramer+ (ex-vivo, S2 panel)	positive	functional-scorable	medium	A2:5; SF3B1-aberrant-splicing neoepitope panel; tetramer-DETECTION only (ex-vivo patient CD8), no per-peptide effector/junction	direct	Bigot 2021 Cancer Discov PMID 33811047; S2 panel (A2:5) seq + IEDB ref1040678 (tetramer); gene=IEDB r_object; erratum CD-22-0009 not read, seq cross-confirmed (S2+IEDB)	weak	antigen-specific detection only (patient tetramer+ (ex-vivo, S2 panel)) -> weak positive.		gene-mechanism	published-recovered	patient_exvivo	journal
GLNTFALGL	not-named	HLA-A*02:01	4-digit	9	SF3B1-mut aberrant 3'SS (A2 panel)	alt_3p_ss	Bigot 2021 (SF3B1 UM)	patient tetramer+ (ex-vivo, S2 panel)	positive	functional-scorable	medium	A2:46; SF3B1-aberrant-splicing neoepitope panel; tetramer-DETECTION only (ex-vivo patient CD8), no per-peptide effector/junction	direct	Bigot 2021 Cancer Discov PMID 33811047; S2 panel (A2:46) seq + IEDB ref1040678 (tetramer); gene=IEDB r_object; erratum CD-22-0009 not read, seq cross-confirmed (S2+IEDB)	weak	antigen-specific detection only (patient tetramer+ (ex-vivo, S2 panel)) -> weak positive.		gene-mechanism	published-recovered	patient_exvivo	journal
GLVETFYFT	HADHA	HLA-A*02:01	4-digit	9	SF3B1-mut aberrant 3'SS (A2 panel)	alt_3p_ss	Bigot 2021 (SF3B1 UM)	patient tetramer+ (ex-vivo, S2 panel)	positive	functional-scorable	medium	A2:4; SF3B1-aberrant-splicing neoepitope panel; tetramer-DETECTION only (ex-vivo patient CD8), no per-peptide effector/junction	direct	Bigot 2021 Cancer Discov PMID 33811047; S2 panel (A2:4) seq + IEDB ref1040678 (tetramer); gene=IEDB r_object; erratum CD-22-0009 not read, seq cross-confirmed (S2+IEDB)	weak	antigen-specific detection only (patient tetramer+ (ex-vivo, S2 panel)) -> weak positive.		gene-mechanism	published-recovered	patient_exvivo	journal
KLLEDDLLI	NF1	HLA-A*02:01	4-digit	9	SF3B1-mut aberrant 3'SS (A2 panel)	alt_3p_ss	Bigot 2021 (SF3B1 UM)	patient tetramer+ (ex-vivo, S2 panel)	positive	functional-scorable	medium	A2:13; SF3B1-aberrant-splicing neoepitope panel; tetramer-DETECTION only (ex-vivo patient CD8), no per-peptide effector/junction	direct	Bigot 2021 Cancer Discov PMID 33811047; S2 panel (A2:13) seq + IEDB ref1040678 (tetramer); gene=IEDB r_object; erratum CD-22-0009 not read, seq cross-confirmed (S2+IEDB)	weak	antigen-specific detection only (patient tetramer+ (ex-vivo, S2 panel)) -> weak positive.		gene-mechanism	published-recovered	patient_exvivo	journal
KLMGPEVQV	SRSF1	HLA-A*02:01	4-digit	9	SF3B1-mut aberrant 3'SS (A2 panel)	alt_3p_ss	Bigot 2021 (SF3B1 UM)	patient tetramer+ (ex-vivo, S2 panel)	positive	functional-scorable	medium	A2:42; SF3B1-aberrant-splicing neoepitope panel; tetramer-DETECTION only (ex-vivo patient CD8), no per-peptide effector/junction	direct	Bigot 2021 Cancer Discov PMID 33811047; S2 panel (A2:42) seq + IEDB ref1040678 (tetramer); gene=IEDB r_object; erratum CD-22-0009 not read, seq cross-confirmed (S2+IEDB)	weak	antigen-specific detection only (patient tetramer+ (ex-vivo, S2 panel)) -> weak positive.		gene-mechanism	published-recovered	patient_exvivo	journal
LLIRWQHFL	NF1	HLA-A*02:01	4-digit	9	SF3B1-mut aberrant 3'SS; frameshift+NMD (S8)	neojunction_frameshift	Bigot 2021 (SF3B1 UM)	TNFa + activation + patient tetramer+	positive	functional-scorable	high	A2:14; S8 junction-validated (alt mRNA +14,NMD+); effector-confirmed + patient ex-vivo tetramer	direct	Bigot 2021 Cancer Discov PMID 33811047; S2 panel (A2:14) seq + S8 junction + IEDB ref1040678 assays; JEM2024 PMC10986814 corroborates seq; erratum CD-22-0009 not read, seq cross-confirmed (S2+IEDB+JEM)	strong	effector readout (TNFa + activation + patient tetramer+) -> strong positive.	Bigot2021-S8:A2:14	event-id	published-recovered	patient_exvivo	journal
LLYLGIIKL	NF1	HLA-A*02:01	4-digit	9	SF3B1-mut aberrant 3'SS (A2 panel)	alt_3p_ss	Bigot 2021 (SF3B1 UM)	patient tetramer+ (ex-vivo, S2 panel)	positive	functional-scorable	medium	A2:15; SF3B1-aberrant-splicing neoepitope panel; tetramer-DETECTION only (ex-vivo patient CD8), no per-peptide effector/junction	direct	Bigot 2021 Cancer Discov PMID 33811047; S2 panel (A2:15) seq + IEDB ref1040678 (tetramer); gene=IEDB r_object; erratum CD-22-0009 not read, seq cross-confirmed (S2+IEDB)	weak	antigen-specific detection only (patient tetramer+ (ex-vivo, S2 panel)) -> weak positive.		gene-mechanism	published-recovered	patient_exvivo	journal
MLAAPISGL	SLC3A2	HLA-A*02:01	4-digit	9	SF3B1-mut aberrant 3'SS (A2 panel)	alt_3p_ss	Bigot 2021 (SF3B1 UM)	patient tetramer+ (ex-vivo, S2 panel)	positive	functional-scorable	medium	A2:3; SF3B1-aberrant-splicing neoepitope panel; tetramer-DETECTION only (ex-vivo patient CD8), no per-peptide effector/junction	direct	Bigot 2021 Cancer Discov PMID 33811047; S2 panel (A2:3) seq + IEDB ref1040678 (tetramer); gene=IEDB r_object; erratum CD-22-0009 not read, seq cross-confirmed (S2+IEDB)	weak	antigen-specific detection only (patient tetramer+ (ex-vivo, S2 panel)) -> weak positive.		gene-mechanism	published-recovered	patient_exvivo	journal
RLFPISPET	NET1	HLA-A*02:01	4-digit	9	SF3B1-mut aberrant 3'SS (A2 panel)	alt_3p_ss	Bigot 2021 (SF3B1 UM)	patient tetramer+ (ex-vivo, S2 panel)	positive	functional-scorable	medium	A2:27; SF3B1-aberrant-splicing neoepitope panel; tetramer-DETECTION only (ex-vivo patient CD8), no per-peptide effector/junction	direct	Bigot 2021 Cancer Discov PMID 33811047; S2 panel (A2:27) seq + IEDB ref1040678 (tetramer); gene=IEDB r_object; erratum CD-22-0009 not read, seq cross-confirmed (S2+IEDB)	weak	antigen-specific detection only (patient tetramer+ (ex-vivo, S2 panel)) -> weak positive.		gene-mechanism	published-recovered	patient_exvivo	journal
RLGEVRHPV	not-named	HLA-A*02:01	4-digit	9	SF3B1-mut aberrant 3'SS (A2 panel)	alt_3p_ss	Bigot 2021 (SF3B1 UM)	patient tetramer+ (ex-vivo, S2 panel)	positive	functional-scorable	medium	A2:47; SF3B1-aberrant-splicing neoepitope panel; tetramer-DETECTION only (ex-vivo patient CD8), no per-peptide effector/junction	direct	Bigot 2021 Cancer Discov PMID 33811047; S2 panel (A2:47) seq + IEDB ref1040678 (tetramer); gene=IEDB r_object; erratum CD-22-0009 not read, seq cross-confirmed (S2+IEDB)	weak	antigen-specific detection only (patient tetramer+ (ex-vivo, S2 panel)) -> weak positive.		gene-mechanism	published-recovered	patient_exvivo	journal
RLPGVLPRA	MAPK8IP2	HLA-A*02:01	4-digit	9	SF3B1-mut aberrant 3'SS; frameshift+NMD (S8)	neojunction_frameshift	Bigot 2021 (SF3B1 UM)	IFNg + cytotoxicity + degranulation + patient tetramer+	positive	functional-scorable	high	A2:37; S8 junction-validated (alt mRNA +16); effector-confirmed + patient ex-vivo tetramer	direct	Bigot 2021 Cancer Discov PMID 33811047; S2 panel (A2:37) seq + S8 junction + IEDB ref1040678 assays; JEM2024 PMC10986814 corroborates seq; erratum CD-22-0009 not read, seq cross-confirmed (S2+IEDB+JEM)	strong	effector readout (IFNg + cytotoxicity + degranulation + patient tetramer+) -> strong positive.	Bigot2021-S8:A2:37	event-id	published-recovered	patient_exvivo	journal
SLLPYVFVI	RNF38	HLA-A*02:01	4-digit	9	SF3B1-mut aberrant 3'SS (A2 panel)	alt_3p_ss	Bigot 2021 (SF3B1 UM)	patient tetramer+ (ex-vivo, S2 panel)	positive	functional-scorable	medium	A2:28; SF3B1-aberrant-splicing neoepitope panel; tetramer-DETECTION only (ex-vivo patient CD8), no per-peptide effector/junction	direct	Bigot 2021 Cancer Discov PMID 33811047; S2 panel (A2:28) seq + IEDB ref1040678 (tetramer); gene=IEDB r_object; erratum CD-22-0009 not read, seq cross-confirmed (S2+IEDB)	weak	antigen-specific detection only (patient tetramer+ (ex-vivo, S2 panel)) -> weak positive.		gene-mechanism	published-recovered	patient_exvivo	journal
SLSPALPGA	SF3A2	HLA-A*02:01	4-digit	9	SF3B1-mut aberrant 3'SS (A2 panel)	alt_3p_ss	Bigot 2021 (SF3B1 UM)	patient tetramer+ (ex-vivo, S2 panel)	positive	functional-scorable	medium	A2:32; SF3B1-aberrant-splicing neoepitope panel; tetramer-DETECTION only (ex-vivo patient CD8), no per-peptide effector/junction	direct	Bigot 2021 Cancer Discov PMID 33811047; S2 panel (A2:32) seq + IEDB ref1040678 (tetramer); gene=IEDB r_object; erratum CD-22-0009 not read, seq cross-confirmed (S2+IEDB)	weak	antigen-specific detection only (patient tetramer+ (ex-vivo, S2 panel)) -> weak positive.		gene-mechanism	published-recovered	patient_exvivo	journal
SLTFLPLYV	ATP5MC2	HLA-A*02:01	4-digit	9	SF3B1-mut aberrant 3'SS (A2 panel)	alt_3p_ss	Bigot 2021 (SF3B1 UM)	patient tetramer+ (ex-vivo, S2 panel)	positive	functional-scorable	medium	A2:49; SF3B1-aberrant-splicing neoepitope panel; tetramer-DETECTION only (ex-vivo patient CD8), no per-peptide effector/junction	direct	Bigot 2021 Cancer Discov PMID 33811047; S2 panel (A2:49) seq + IEDB ref1040678 (tetramer); gene=IEDB r_object; erratum CD-22-0009 not read, seq cross-confirmed (S2+IEDB)	weak	antigen-specific detection only (patient tetramer+ (ex-vivo, S2 panel)) -> weak positive.		gene-mechanism	published-recovered	patient_exvivo	journal
TLNEVFLIL	ZFYVE27	HLA-A*02:01	4-digit	9	SF3B1-mut aberrant 3'SS (A2 panel)	alt_3p_ss	Bigot 2021 (SF3B1 UM)	patient tetramer+ (ex-vivo, S2 panel)	positive	functional-scorable	medium	A2:24; SF3B1-aberrant-splicing neoepitope panel; tetramer-DETECTION only (ex-vivo patient CD8), no per-peptide effector/junction	direct	Bigot 2021 Cancer Discov PMID 33811047; S2 panel (A2:24) seq + IEDB ref1040678 (tetramer); gene=IEDB r_object; erratum CD-22-0009 not read, seq cross-confirmed (S2+IEDB)	weak	antigen-specific detection only (patient tetramer+ (ex-vivo, S2 panel)) -> weak positive.		gene-mechanism	published-recovered	patient_exvivo	journal
TMDVVIPGL	VARS2	HLA-A*02:01	4-digit	9	SF3B1-mut aberrant 3'SS (A2 panel)	alt_3p_ss	Bigot 2021 (SF3B1 UM)	patient tetramer+ (ex-vivo, S2 panel)	positive	functional-scorable	medium	A2:21; SF3B1-aberrant-splicing neoepitope panel; tetramer-DETECTION only (ex-vivo patient CD8), no per-peptide effector/junction	direct	Bigot 2021 Cancer Discov PMID 33811047; S2 panel (A2:21) seq + IEDB ref1040678 (tetramer); gene=IEDB r_object; erratum CD-22-0009 not read, seq cross-confirmed (S2+IEDB)	weak	antigen-specific detection only (patient tetramer+ (ex-vivo, S2 panel)) -> weak positive.		gene-mechanism	published-recovered	patient_exvivo	journal
VLFLTLNEV	ZFYVE27	HLA-A*02:01	4-digit	9	SF3B1-mut aberrant 3'SS (A2 panel)	alt_3p_ss	Bigot 2021 (SF3B1 UM)	patient tetramer+ (ex-vivo, S2 panel)	positive	functional-scorable	medium	A2:22; SF3B1-aberrant-splicing neoepitope panel; tetramer-DETECTION only (ex-vivo patient CD8), no per-peptide effector/junction	direct	Bigot 2021 Cancer Discov PMID 33811047; S2 panel (A2:22) seq + IEDB ref1040678 (tetramer); gene=IEDB r_object; erratum CD-22-0009 not read, seq cross-confirmed (S2+IEDB)	weak	antigen-specific detection only (patient tetramer+ (ex-vivo, S2 panel)) -> weak positive.		gene-mechanism	published-recovered	patient_exvivo	journal
AVIQGQFFV	USF1	HLA-A*02:01	4-digit	9	alt-5' (Kim a5ss)	alt_5p_ss	Kim 2025 (SF-mutant leukemia)	IFN-g ELISPOT + dextramer	positive	functional-scorable	high	SRSF2-mutant-induced mis-splicing; Kim event type per mmc2 legend; A*02:01 dextramer panel (mmc5).	direct	Kim et al. Cell 2025 (PMID 40273911; DOI 10.1016/j.cell.2025.03.047; Zotero XB3CPX5P, supp Table S2 [mmc2] candidate peptides + dextramer panel Table S5 [mmc5]); IEDB ref1046844; recovered via #838	strong	effector readout (IFN-g ELISPOT) + A*02:01 dextramer detection -> positive.	a5ss@1:161011201:161011441:-|1:161011201:161011525:-|1:161011201:161011624:-	coords	published-recovered	unspecified	journal
GLRDKASYV	AP4B1	HLA-A*02:01	4-digit	9	mutually-exclusive-exons (Kim mxe)	alt_splice_junction	Kim 2025 (SF-mutant leukemia)	IFN-g ELISPOT + dextramer	positive	functional-scorable	high	SRSF2-mutant-induced mis-splicing; Kim event type per mmc2 legend; A*02:01 dextramer panel (mmc5).	direct	Kim et al. Cell 2025 (PMID 40273911; DOI 10.1016/j.cell.2025.03.047; Zotero XB3CPX5P, supp Table S2 [mmc2] candidate peptides + dextramer panel Table S5 [mmc5]); IEDB ref1046844; recovered via #838	strong	effector readout (IFN-g ELISPOT) + A*02:01 dextramer detection -> positive.	mxe@1:114445484:114447227:-|1:114444507:114447227:-	coords	published-recovered	unspecified	journal
LLPRVSVWL	EZH2	HLA-A*02:01	4-digit	9	exon-skipping (Kim se)	alt_splice_junction	Kim 2025 (SF-mutant leukemia)	IFN-g ELISPOT + dextramer	positive	functional-scorable	high	SRSF2-mutant-induced mis-splicing; Kim event type per mmc2 legend; A*02:01 dextramer panel (mmc5).	direct	Kim et al. Cell 2025 (PMID 40273911; DOI 10.1016/j.cell.2025.03.047; Zotero XB3CPX5P, supp Table S2 [mmc2] candidate peptides + dextramer panel Table S5 [mmc5]); IEDB ref1046844; recovered via #838	strong	effector readout (IFN-g ELISPOT) + A*02:01 dextramer detection -> positive.	se@7:148534050:148543562:-|7:148529842:148543562:-	coords	published-recovered	unspecified	journal
SLIRAQEEA	BIN3	HLA-A*02:01	4-digit	9	exon-skipping (Kim se)	alt_splice_junction	Kim 2025 (SF-mutant leukemia)	IFN-g ELISPOT + dextramer	positive	functional-scorable	high	SRSF2-mutant-induced mis-splicing; Kim event type per mmc2 legend; A*02:01 dextramer panel (mmc5).	direct	Kim et al. Cell 2025 (PMID 40273911; DOI 10.1016/j.cell.2025.03.047; Zotero XB3CPX5P, supp Table S2 [mmc2] candidate peptides + dextramer panel Table S5 [mmc5]); IEDB ref1046844; recovered via #838	strong	effector readout (IFN-g ELISPOT) + A*02:01 dextramer detection -> positive.	se@8:22480210:22481428:-|8:22479081:22481428:-	coords	published-recovered	unspecified	journal
VLCDQTAQV	CASP2	HLA-A*02:01	4-digit	9	constitutive-intron (Kim ci)	alt_splice_junction	Kim 2025 (SF-mutant leukemia)	IFN-g ELISPOT + dextramer	positive	functional-scorable	high	SRSF2-mutant-induced mis-splicing; Kim event type per mmc2 legend; A*02:01 dextramer panel (mmc5).	direct	Kim et al. Cell 2025 (PMID 40273911; DOI 10.1016/j.cell.2025.03.047; Zotero XB3CPX5P, supp Table S2 [mmc2] candidate peptides + dextramer panel Table S5 [mmc5]); IEDB ref1046844; recovered via #838	strong	effector readout (IFN-g ELISPOT) + A*02:01 dextramer detection -> positive.	ci@7:142991866:142997016:+|7:142991866:142991867:+	coords	published-recovered	unspecified	journal
YLSKYLNVNL	SLC20A1	HLA-A*02:01	4-digit	10	constitutive-intron (Kim ci)	alt_splice_junction	Kim 2025 (SF-mutant leukemia)	IFN-g ELISPOT + dextramer	positive	functional-scorable	high	SRSF2-mutant-induced mis-splicing; Kim event type per mmc2 legend; A*02:01 dextramer panel (mmc5).	direct	Kim et al. Cell 2025 (PMID 40273911; DOI 10.1016/j.cell.2025.03.047; Zotero XB3CPX5P, supp Table S2 [mmc2] candidate peptides + dextramer panel Table S5 [mmc5]); IEDB ref1046844; recovered via #838	strong	effector readout (IFN-g ELISPOT) + A*02:01 dextramer detection -> positive.	ci@2:113410375:113414699:+|2:113410375:113410376:+	coords	published-recovered	unspecified	journal
FLWPGLGPS	RHOT2	HLA-A*02:01	4-digit	9	constitutive-intron (Kim ci)	alt_splice_junction	Kim 2025 (SF-mutant leukemia)	IFN-g ELISPOT + dextramer	positive	functional-scorable	medium	SRSF2-mutant-induced mis-splicing; Kim event type per mmc2 legend; A*02:01 dextramer panel (mmc5). IEDB ELISPOT magnitude Positive-Low.	direct	Kim et al. Cell 2025 (PMID 40273911; DOI 10.1016/j.cell.2025.03.047; Zotero XB3CPX5P, supp Table S2 [mmc2] candidate peptides + dextramer panel Table S5 [mmc5]); IEDB ref1046844; recovered via #838	strong	effector readout (IFN-g ELISPOT) + A*02:01 dextramer detection -> positive (low magnitude).	ci@16:719606:720123:+|16:719606:719607:+	coords	published-recovered	unspecified	journal
FLWPGLGPSV	RHOT2	HLA-A*02:01	4-digit	10	constitutive-intron (Kim ci)	alt_splice_junction	Kim 2025 (SF-mutant leukemia)	IFN-g ELISPOT + dextramer	positive	functional-scorable	medium	SRSF2-mutant-induced mis-splicing; Kim event type per mmc2 legend; A*02:01 dextramer panel (mmc5). IEDB ELISPOT magnitude Positive-Low.	direct	Kim et al. Cell 2025 (PMID 40273911; DOI 10.1016/j.cell.2025.03.047; Zotero XB3CPX5P, supp Table S2 [mmc2] candidate peptides + dextramer panel Table S5 [mmc5]); IEDB ref1046844; recovered via #838	strong	effector readout (IFN-g ELISPOT) + A*02:01 dextramer detection -> positive (low magnitude).	ci@16:719606:720123:+|16:719606:719607:+	coords	published-recovered	unspecified	journal
FTDGKVYSNV	NCOA7	HLA-A*02:01	4-digit	10	constitutive-intron (Kim ci)	alt_splice_junction	Kim 2025 (SF-mutant leukemia)	IFN-g ELISPOT + dextramer	positive	functional-scorable	medium	SRSF2-mutant-induced mis-splicing; Kim event type per mmc2 legend; A*02:01 dextramer panel (mmc5). IEDB ELISPOT magnitude Positive-Low.	direct	Kim et al. Cell 2025 (PMID 40273911; DOI 10.1016/j.cell.2025.03.047; Zotero XB3CPX5P, supp Table S2 [mmc2] candidate peptides + dextramer panel Table S5 [mmc5]); IEDB ref1046844; recovered via #838	strong	effector readout (IFN-g ELISPOT) + A*02:01 dextramer detection -> positive (low magnitude).	ci@6:126203697:126206305:+|6:126203697:126203698:+	coords	published-recovered	unspecified	journal
ILGSLTWSC	RHOT2	HLA-A*02:01	4-digit	9	constitutive-intron (Kim ci)	alt_splice_junction	Kim 2025 (SF-mutant leukemia)	IFN-g ELISPOT + dextramer	positive	functional-scorable	medium	SRSF2-mutant-induced mis-splicing; Kim event type per mmc2 legend; A*02:01 dextramer panel (mmc5). IEDB ELISPOT magnitude Positive-Low.	direct	Kim et al. Cell 2025 (PMID 40273911; DOI 10.1016/j.cell.2025.03.047; Zotero XB3CPX5P, supp Table S2 [mmc2] candidate peptides + dextramer panel Table S5 [mmc5]); IEDB ref1046844; recovered via #838	strong	effector readout (IFN-g ELISPOT) + A*02:01 dextramer detection -> positive (low magnitude).	ci@16:719606:720123:+|16:719606:719607:+	coords	published-recovered	unspecified	journal
NLQALLYQA	LTBR	HLA-A*02:01	4-digit	9	exon-skipping (Kim se)	alt_splice_junction	Kim 2025 (SF-mutant leukemia)	IFN-g ELISPOT + dextramer	positive	functional-scorable	medium	SRSF2-mutant-induced mis-splicing; Kim event type per mmc2 legend; A*02:01 dextramer panel (mmc5). IEDB ELISPOT magnitude Positive-Low.	direct	Kim et al. Cell 2025 (PMID 40273911; DOI 10.1016/j.cell.2025.03.047; Zotero XB3CPX5P, supp Table S2 [mmc2] candidate peptides + dextramer panel Table S5 [mmc5]); IEDB ref1046844; recovered via #838	strong	effector readout (IFN-g ELISPOT) + A*02:01 dextramer detection -> positive (low magnitude).	se@12:6495610:6496964:+|12:6495610:6497564:+	coords	published-recovered	unspecified	journal
SVAWPWPAV	MAN2C1	HLA-A*02:01	4-digit	9	exon-skipping (Kim se)	alt_splice_junction	Kim 2025 (SF-mutant leukemia)	IFN-g ELISPOT + dextramer	positive	functional-scorable	medium	SRSF2-mutant-induced mis-splicing; Kim event type per mmc2 legend; A*02:01 dextramer panel (mmc5). IEDB ELISPOT magnitude Positive-Low.	direct	Kim et al. Cell 2025 (PMID 40273911; DOI 10.1016/j.cell.2025.03.047; Zotero XB3CPX5P, supp Table S2 [mmc2] candidate peptides + dextramer panel Table S5 [mmc5]); IEDB ref1046844; recovered via #838	strong	effector readout (IFN-g ELISPOT) + A*02:01 dextramer detection -> positive (low magnitude).	se@15:75653029:75653387:-|15:75652552:75653387:-	coords	published-recovered	unspecified	journal
YLQPNPGDAL	SH3GL1	HLA-A*02:01	4-digit	10	exon-skipping (Kim se)	alt_splice_junction	Kim 2025 (SF-mutant leukemia)	IFN-g ELISPOT + dextramer	positive	functional-scorable	medium	SRSF2-mutant-induced mis-splicing; Kim event type per mmc2 legend; A*02:01 dextramer panel (mmc5). IEDB ELISPOT magnitude Positive-Low.	direct	Kim et al. Cell 2025 (PMID 40273911; DOI 10.1016/j.cell.2025.03.047; Zotero XB3CPX5P, supp Table S2 [mmc2] candidate peptides + dextramer panel Table S5 [mmc5]); IEDB ref1046844; recovered via #838	strong	effector readout (IFN-g ELISPOT) + A*02:01 dextramer detection -> positive (low magnitude).	se@19:4365622:4366498:-|19:4364218:4366498:-	coords	published-recovered	unspecified	journal
MADAGAMAA	SEPTIN6			9	alt-splicing neojunction	alt_splice_junction	Long-read UM 2023 (Cancer Immunol Res)	IFN-g ELISPOT	positive	functional-nonscorable	medium	alt-splicing neojunction; gene from supp Table 13; HLA restriction unpublished (IFN-g ELISPOT on bulk PBMC, no per-peptide allele) -> non-scorable.	direct	Long-read UM, Cancer Immunol Res 2023 (PMID 37756564; DOI 10.1158/2326-6066.cir-23-0083; Zotero 6P5JCCIB, supp Table 13 [SNAB6XA5] sequence info); IEDB ref1043193; recovered via #838	strong	effector readout (IFN-g ELISPOT) -> positive; non-scorable (no per-peptide HLA published).		gene-mechanism	published-recovered	unspecified	journal
KNILNGSRA	AMZ2P1			9	alt-splicing neojunction	alt_splice_junction	Long-read UM 2023 (Cancer Immunol Res)	IFN-g ELISPOT	positive	functional-nonscorable	medium	alt-splicing neojunction; gene from supp Table 13; HLA restriction unpublished (IFN-g ELISPOT on bulk PBMC, no per-peptide allele) -> non-scorable.	direct	Long-read UM, Cancer Immunol Res 2023 (PMID 37756564; DOI 10.1158/2326-6066.cir-23-0083; Zotero 6P5JCCIB, supp Table 13 [SNAB6XA5] sequence info); IEDB ref1043193; recovered via #838	strong	effector readout (IFN-g ELISPOT) -> positive; non-scorable (no per-peptide HLA published).		gene-mechanism	published-recovered	unspecified	journal
RGAGLGRAL	MZT2B			9	alt-splicing neojunction	alt_splice_junction	Long-read UM 2023 (Cancer Immunol Res)	IFN-g ELISPOT	positive	functional-nonscorable	medium	alt-splicing neojunction; gene from supp Table 13; HLA restriction unpublished (IFN-g ELISPOT on bulk PBMC, no per-peptide allele) -> non-scorable. IEDB mixed Negative/Positive(-Low) across donors.	direct	Long-read UM, Cancer Immunol Res 2023 (PMID 37756564; DOI 10.1158/2326-6066.cir-23-0083; Zotero 6P5JCCIB, supp Table 13 [SNAB6XA5] sequence info); IEDB ref1043193; recovered via #838	strong	effector readout (IFN-g ELISPOT) -> positive; non-scorable (no per-peptide HLA published).		gene-mechanism	published-recovered	unspecified	journal
RQVGEGCRT	SEPTIN6			9	alt-splicing neojunction	alt_splice_junction	Long-read UM 2023 (Cancer Immunol Res)	IFN-g ELISPOT	positive	functional-nonscorable	medium	alt-splicing neojunction; gene from supp Table 13; HLA restriction unpublished (IFN-g ELISPOT on bulk PBMC, no per-peptide allele) -> non-scorable. IEDB mixed Negative/Positive(-Low) across donors.	direct	Long-read UM, Cancer Immunol Res 2023 (PMID 37756564; DOI 10.1158/2326-6066.cir-23-0083; Zotero 6P5JCCIB, supp Table 13 [SNAB6XA5] sequence info); IEDB ref1043193; recovered via #838	strong	effector readout (IFN-g ELISPOT) -> positive; non-scorable (no per-peptide HLA published).		gene-mechanism	published-recovered	unspecified	journal
FLLDGSANV	COL6A3	HLA-A*02:01	4-digit	9	exon-6 (VWA) cassette inclusion, tumor-restricted	alt_splice_junction	Kim GB 2022 STM (COL6A3 tumor-stroma)	engineered-TCR IFN-g + cytotoxicity + CD107a + tetramer + in vivo (affinity-enhanced; natural TCR modest); MS co-elution	positive	functional-scorable	medium	COL6A3-FLNV / Immatics IMA204; shared tumor-stroma self antigen (partly tolerized), pan-cancer; natural TCRs D10/F9/H3 modest, efficacy via affinity-enhanced TCR; assay_context=cloned_tcr realism-flagged. 3-vote adversarial verify 3/3 pass 2026-07-07.	agent-local	Kim GB et al. Sci Transl Med 2022 (PMID 36044599; DOI 10.1126/scitranslmed.abo6135; Zotero XPC2BT2Q; review R6FX223R). FLLDGSANV = UniProt P12111 p642-650, MS co-elution verbatim PMC10130759; recovered via #680 standing-watch 2026-07-07	strong	effector readout via affinity-enhanced engineered TCR (IFN-g + cytotoxicity + CD107a) + MS co-elution; natural TCRs D10/F9/H3 modest; shared tumor-stroma self antigen -> strong evidence, cloned_tcr realism (confidence medium).		gene-mechanism	published-recovered	cloned_tcr	journal
