junc_id	tx_id	frame_shift	cts_seq_len	peptide_context
chr2:152389996-152392205:-	ENST00000409198	TRUE	400	INRHFKYATQLMNEIC
chr2:152389996-152390729:-	ENST00000409198	TRUE	400	RHLLAKTAGDQISQIC
chr2:152389955-152389956:-	ENST00000397345	FALSE	1945	DMLTALYNSHMWSQVMSDGM
chr2:152388410-152392205:-	ENST00000409198	FALSE	400	INRHFKYATQLMNEIKYRKNYEKSKDKF
chr2:152388410-152390729:-	ENST00000409198	FALSE	400	NA
chr2:179415981-179416357:-	ENST00000342992	FALSE	400	PSDPSKFTLAVSPVAGTPDYIDVTRETIT
chr2:179415987-179415988:-	ENST00000342992	FALSE	769	PSDPSKFTLAVSPVGK
chr2:179415000-179416357:-	ENST00000342992	FALSE	400	PSDPSKFTLAVSPVVPPIVEFGPEYFDGL
chr2:179445336-179446207:-	ENST00000342992	TRUE	400	PSDVPDKHYPKDILSKYYQGDST
chr2:179446225-179446226:-	ENST00000342992	TRUE	1289	PSDVPDKHYPKDILSKYYQGEYIRLFLLIIF
chr2:179445336-179446633:-	ENST00000342992	FALSE	400	PSDASKAAYARDPQFPPEGELDADLRKTL
chr2:179642044-179642187:-	ENST00000342992	TRUE	400	PSDSGEWTVVAQNRLWNIR
chr2:179642146-179642147:-	ENST00000342992	FALSE	502	RAGRSSISVILTVEGKMR
chr2:179642044-179642431:-	ENST00000342992	FALSE	400	VVGRPMPETFWFHDAVEHQVKPMFVEKLK
chr2:152226533-152226534:+	ENST00000460812	NA	4078	NA
chr2:152222731-152222732:+	ENST00000460812	NA	4078	NA
chr2:152388410-152388411:-	ENST00000397345	FALSE	1945	DMLTALYNSHMWSQVMSDGM
