peptide	tsa_class	translation_event	genomic_origin	gene	hla	length	splice_relevant	gate1_splice_junction	gate2_functional_assay	route	provenance
LASTPVVEK	mTSAs	Noncoding	3'UTR	YWHAB	HLA-A*03:01	9	no	no	False	out_of_splice_scope	Zhao et al. 2020 Cancer Immunol Res Table S5; Zotero 3Z5UHGFQ; MS-eluted MAP, no per-peptide T-cell assay
RPRPPPPPP	mTSAs	Noncoding	ncRNA	FP671120.1	HLA-B*07:02	9	no	no	False	out_of_splice_scope	Zhao et al. 2020 Cancer Immunol Res Table S5; Zotero 3Z5UHGFQ; MS-eluted MAP, no per-peptide T-cell assay
KQLQEQAMQF	mTSAs	Coding-in 	Annotated ORF	DCTN2	HLA-B*15:01	10	no	no	False	out_of_splice_scope	Zhao et al. 2020 Cancer Immunol Res Table S5; Zotero 3Z5UHGFQ; MS-eluted MAP, no per-peptide T-cell assay
RPRTAGPPR	mTSAs	Coding-out	Frameshift	MUC1	HLA-B*07:02	9	no	no	False	out_of_splice_scope	Zhao et al. 2020 Cancer Immunol Res Table S5; Zotero 3Z5UHGFQ; MS-eluted MAP, no per-peptide T-cell assay
RAPPPPKPM	mTSAs	Coding-out	Frameshift	MUC1	HLA-C*07:02	9	no	no	False	out_of_splice_scope	Zhao et al. 2020 Cancer Immunol Res Table S5; Zotero 3Z5UHGFQ; MS-eluted MAP, no per-peptide T-cell assay
RPASSRPL	mTSAs	Noncoding	5'UTR	RALY	HLA-B*07:02	8	no	no	False	out_of_splice_scope	Zhao et al. 2020 Cancer Immunol Res Table S5; Zotero 3Z5UHGFQ; MS-eluted MAP, no per-peptide T-cell assay
RPGVKLIL	mTSAs	Coding-in 	Annotated ORF	VDAC3	HLA-B*07:02	8	no	no	False	out_of_splice_scope	Zhao et al. 2020 Cancer Immunol Res Table S5; Zotero 3Z5UHGFQ; MS-eluted MAP, no per-peptide T-cell assay
AELRGTASL	mTSAs	Coding-in 	Annotated ORF	PALM2-AKAP2/AKAP2	HLA-B*40:01	9	no	no	False	out_of_splice_scope	Zhao et al. 2020 Cancer Immunol Res Table S5; Zotero 3Z5UHGFQ; MS-eluted MAP, no per-peptide T-cell assay
VLDNKDYFL	mTSAs	Coding-in 	Annotated ORF	HSPE1	HLA-A*02:01	9	no	no	False	out_of_splice_scope	Zhao et al. 2020 Cancer Immunol Res Table S5; Zotero 3Z5UHGFQ; MS-eluted MAP, no per-peptide T-cell assay
RPFSPPPSF	mTSAs	Noncoding	3'UTR	MRC2	HLA-C*04:01	9	no	no	False	out_of_splice_scope	Zhao et al. 2020 Cancer Immunol Res Table S5; Zotero 3Z5UHGFQ; MS-eluted MAP, no per-peptide T-cell assay
RNLPLVLIF	mTSAs	Noncoding	Intron	RASA3	HLA-A*32:01	9	yes	intron-retention (candidate)	False	issue_681_ms_only	Zhao et al. 2020 Cancer Immunol Res Table S5; Zotero 3Z5UHGFQ; MS-eluted MAP, no per-peptide T-cell assay
TLLPRLVFI	mTSAs	Noncoding	Intron	STON2	HLA-A*02:01	9	yes	intron-retention (candidate)	False	issue_681_ms_only	Zhao et al. 2020 Cancer Immunol Res Table S5; Zotero 3Z5UHGFQ; MS-eluted MAP, no per-peptide T-cell assay
RLVTEPSGPK	aeTSAs	Noncoding	5'UTR	LINGO1	HLA-A*03:01	10	no	no	False	out_of_splice_scope	Zhao et al. 2020 Cancer Immunol Res Table S5; Zotero 3Z5UHGFQ; MS-eluted MAP, no per-peptide T-cell assay
RMKTFMMSH	aeTSAs	Noncoding	5'UTR	NDRG2	HLA-A*03:01	9	no	no	False	out_of_splice_scope	Zhao et al. 2020 Cancer Immunol Res Table S5; Zotero 3Z5UHGFQ; MS-eluted MAP, no per-peptide T-cell assay
TSDRLFLGY	aeTSAs	Noncoding	5'UTR	TMEM139	HLA-A*01:01	9	no	no	False	out_of_splice_scope	Zhao et al. 2020 Cancer Immunol Res Table S5; Zotero 3Z5UHGFQ; MS-eluted MAP, no per-peptide T-cell assay
VVSPASSGK	aeTSAs	Noncoding	5'UTR	ZNF831	HLA-A*03:01	9	no	no	False	out_of_splice_scope	Zhao et al. 2020 Cancer Immunol Res Table S5; Zotero 3Z5UHGFQ; MS-eluted MAP, no per-peptide T-cell assay
YGLPRVVAV	aeTSAs	Noncoding	5'UTR	TMEM139	HLA-B*08:01	9	no	no	False	out_of_splice_scope	Zhao et al. 2020 Cancer Immunol Res Table S5; Zotero 3Z5UHGFQ; MS-eluted MAP, no per-peptide T-cell assay
SLNSRSQLK	aeTSAs	Noncoding	5'UTR	TCF4	HLA-A*03:01	9	no	no	False	out_of_splice_scope	Zhao et al. 2020 Cancer Immunol Res Table S5; Zotero 3Z5UHGFQ; MS-eluted MAP, no per-peptide T-cell assay
EVTKLNQKF	aeTSAs	Noncoding	3'UTR	MARCH1	HLA-A*25:01	9	no	no	False	out_of_splice_scope	Zhao et al. 2020 Cancer Immunol Res Table S5; Zotero 3Z5UHGFQ; MS-eluted MAP, no per-peptide T-cell assay
LTVEIAKAL	aeTSAs	Noncoding	3'UTR	ZNF257	HLA-C*14:02	9	no	no	False	out_of_splice_scope	Zhao et al. 2020 Cancer Immunol Res Table S5; Zotero 3Z5UHGFQ; MS-eluted MAP, no per-peptide T-cell assay
NPSEGSGIRL	aeTSAs	Noncoding	3'UTR	KIF26B	HLA-B*07:02	10	no	no	False	out_of_splice_scope	Zhao et al. 2020 Cancer Immunol Res Table S5; Zotero 3Z5UHGFQ; MS-eluted MAP, no per-peptide T-cell assay
TASDLNLKV	aeTSAs	Noncoding	3'UTR	CLYBL	HLA-C*05:01	9	no	no	False	out_of_splice_scope	Zhao et al. 2020 Cancer Immunol Res Table S5; Zotero 3Z5UHGFQ; MS-eluted MAP, no per-peptide T-cell assay
LSGCCSLY	aeTSAs	Coding-out	Frameshift	OPCML	HLA-A*01:01	8	no	no	False	out_of_splice_scope	Zhao et al. 2020 Cancer Immunol Res Table S5; Zotero 3Z5UHGFQ; MS-eluted MAP, no per-peptide T-cell assay
PAPIPCPAI	aeTSAs	Coding-out	Frameshift	TIAM2	HLA-C*03:03	9	no	no	False	out_of_splice_scope	Zhao et al. 2020 Cancer Immunol Res Table S5; Zotero 3Z5UHGFQ; MS-eluted MAP, no per-peptide T-cell assay
RLLLPLQSR	aeTSAs	Coding-out	Frameshift	KIRREL3	HLA-A*03:01	9	no	no	False	out_of_splice_scope	Zhao et al. 2020 Cancer Immunol Res Table S5; Zotero 3Z5UHGFQ; MS-eluted MAP, no per-peptide T-cell assay
SVYMATTLK	aeTSAs	Coding-out	Frameshift	MECOM	HLA-A*03:01	9	no	no	False	out_of_splice_scope	Zhao et al. 2020 Cancer Immunol Res Table S5; Zotero 3Z5UHGFQ; MS-eluted MAP, no per-peptide T-cell assay
TTLKYLWKK	aeTSAs	Coding-out	Frameshift	MECOM	HLA-A*11:01	9	no	no	False	out_of_splice_scope	Zhao et al. 2020 Cancer Immunol Res Table S5; Zotero 3Z5UHGFQ; MS-eluted MAP, no per-peptide T-cell assay
VYLKWAQIL	aeTSAs	Coding-out	Frameshift	IMPG2	HLA-A*24:02	9	no	no	False	out_of_splice_scope	Zhao et al. 2020 Cancer Immunol Res Table S5; Zotero 3Z5UHGFQ; MS-eluted MAP, no per-peptide T-cell assay
VYMATTLKY	aeTSAs	Coding-out	Frameshift	MECOM	HLA-A*29:02	9	no	no	False	out_of_splice_scope	Zhao et al. 2020 Cancer Immunol Res Table S5; Zotero 3Z5UHGFQ; MS-eluted MAP, no per-peptide T-cell assay
YLKWAQIL	aeTSAs	Coding-out	Frameshift	IMPG2	HLA-B*08:01	8	no	no	False	out_of_splice_scope	Zhao et al. 2020 Cancer Immunol Res Table S5; Zotero 3Z5UHGFQ; MS-eluted MAP, no per-peptide T-cell assay
ATWQSVLAR	aeTSAs	Noncoding	Intronic	AC093627.1	HLA-A*03:01	9	yes	intron-retention (candidate)	False	issue_681_ms_only	Zhao et al. 2020 Cancer Immunol Res Table S5; Zotero 3Z5UHGFQ; MS-eluted MAP, no per-peptide T-cell assay
AETGVKKPQ	aeTSAs	Noncoding	Intronic	LINC01234	HLA-B*44:03	9	yes	intron-retention (candidate)	False	issue_681_ms_only	Zhao et al. 2020 Cancer Immunol Res Table S5; Zotero 3Z5UHGFQ; MS-eluted MAP, no per-peptide T-cell assay
ATAVRTVTL	aeTSAs	Noncoding	Intronic	LDAH	HLA-C*07:01	9	yes	intron-retention (candidate)	False	issue_681_ms_only	Zhao et al. 2020 Cancer Immunol Res Table S5; Zotero 3Z5UHGFQ; MS-eluted MAP, no per-peptide T-cell assay
ESDEQTLNY	aeTSAs	Noncoding	Intronic	SHISA9	HLA-A*01:01	9	yes	intron-retention (candidate)	False	issue_681_ms_only	Zhao et al. 2020 Cancer Immunol Res Table S5; Zotero 3Z5UHGFQ; MS-eluted MAP, no per-peptide T-cell assay
IILDVGCLY	aeTSAs	Noncoding	Intronic	UHRF1BP1L	HLA-A*01:01	9	yes	intron-retention (candidate)	False	issue_681_ms_only	Zhao et al. 2020 Cancer Immunol Res Table S5; Zotero 3Z5UHGFQ; MS-eluted MAP, no per-peptide T-cell assay
IRQKVEVL	aeTSAs	Noncoding	Intronic	PTPRK	HLA-B*08:01	8	yes	intron-retention (candidate)	False	issue_681_ms_only	Zhao et al. 2020 Cancer Immunol Res Table S5; Zotero 3Z5UHGFQ; MS-eluted MAP, no per-peptide T-cell assay
IYVLQVPEL	aeTSAs	Noncoding	Intronic	TMEM126A	HLA-A*24:02	9	yes	intron-retention (candidate)	False	issue_681_ms_only	Zhao et al. 2020 Cancer Immunol Res Table S5; Zotero 3Z5UHGFQ; MS-eluted MAP, no per-peptide T-cell assay
LFFIKLTL	aeTSAs	Noncoding	Intronic	AC112229.4	HLA-B*08:01	8	yes	intron-retention (candidate)	False	issue_681_ms_only	Zhao et al. 2020 Cancer Immunol Res Table S5; Zotero 3Z5UHGFQ; MS-eluted MAP, no per-peptide T-cell assay
LLEELISNIV	aeTSAs	Noncoding	Intronic	FAM172A	HLA-A*02:01	10	yes	intron-retention (candidate)	False	issue_681_ms_only	Zhao et al. 2020 Cancer Immunol Res Table S5; Zotero 3Z5UHGFQ; MS-eluted MAP, no per-peptide T-cell assay
LLQQLSRSL	aeTSAs	Noncoding	Intronic	RIN2	HLA-B*08:01	9	yes	intron-retention (candidate)	False	issue_681_ms_only	Zhao et al. 2020 Cancer Immunol Res Table S5; Zotero 3Z5UHGFQ; MS-eluted MAP, no per-peptide T-cell assay
NAFLVLFSV	aeTSAs	Noncoding	Intronic	KLHL12 	HLA-A*02:01	9	yes	intron-retention (candidate)	False	issue_681_ms_only	Zhao et al. 2020 Cancer Immunol Res Table S5; Zotero 3Z5UHGFQ; MS-eluted MAP, no per-peptide T-cell assay
RPASLRKL	aeTSAs	Noncoding	Intronic	LRRFIP2	HLA-B*07:02	8	yes	intron-retention (candidate)	False	issue_681_ms_only	Zhao et al. 2020 Cancer Immunol Res Table S5; Zotero 3Z5UHGFQ; MS-eluted MAP, no per-peptide T-cell assay
RVYNLTTK	aeTSAs	Noncoding	Intronic	AC079298.3	HLA-A*03:01	8	yes	intron-retention (candidate)	False	issue_681_ms_only	Zhao et al. 2020 Cancer Immunol Res Table S5; Zotero 3Z5UHGFQ; MS-eluted MAP, no per-peptide T-cell assay
SLIPTALSL	aeTSAs	Noncoding	Intronic	CCDC92	HLA-A*02:01	9	yes	intron-retention (candidate)	False	issue_681_ms_only	Zhao et al. 2020 Cancer Immunol Res Table S5; Zotero 3Z5UHGFQ; MS-eluted MAP, no per-peptide T-cell assay
SRKAHHAL	aeTSAs	Noncoding	Intronic	PTGS1	HLA-B*14:01	8	yes	intron-retention (candidate)	False	issue_681_ms_only	Zhao et al. 2020 Cancer Immunol Res Table S5; Zotero 3Z5UHGFQ; MS-eluted MAP, no per-peptide T-cell assay
SSALLAVALK	aeTSAs	Noncoding	Intronic	SPON1	HLA-A*11:01	10	yes	intron-retention (candidate)	False	issue_681_ms_only	Zhao et al. 2020 Cancer Immunol Res Table S5; Zotero 3Z5UHGFQ; MS-eluted MAP, no per-peptide T-cell assay
SSSALLAVALK	aeTSAs	Noncoding	Intronic	SPON1	HLA-A*11:01	11	yes	intron-retention (candidate)	False	issue_681_ms_only	Zhao et al. 2020 Cancer Immunol Res Table S5; Zotero 3Z5UHGFQ; MS-eluted MAP, no per-peptide T-cell assay
TLIPRILTL	aeTSAs	Noncoding	Intronic	ATRN	HLA-A*02:01	9	yes	intron-retention (candidate)	False	issue_681_ms_only	Zhao et al. 2020 Cancer Immunol Res Table S5; Zotero 3Z5UHGFQ; MS-eluted MAP, no per-peptide T-cell assay
TLLPDLQTL	aeTSAs	Noncoding	Intronic	RORA	HLA-C*14:02	9	yes	intron-retention (candidate)	False	issue_681_ms_only	Zhao et al. 2020 Cancer Immunol Res Table S5; Zotero 3Z5UHGFQ; MS-eluted MAP, no per-peptide T-cell assay
TLVVSIIIY	aeTSAs	Noncoding	Intronic	ADAM32	HLA-A*29:02	9	yes	intron-retention (candidate)	False	issue_681_ms_only	Zhao et al. 2020 Cancer Immunol Res Table S5; Zotero 3Z5UHGFQ; MS-eluted MAP, no per-peptide T-cell assay
TNIIKHLL	aeTSAs	Noncoding	Intronic	SLC44A2	HLA-B*08:01	8	yes	intron-retention (candidate)	False	issue_681_ms_only	Zhao et al. 2020 Cancer Immunol Res Table S5; Zotero 3Z5UHGFQ; MS-eluted MAP, no per-peptide T-cell assay
TVQNSRSLK	aeTSAs	Noncoding	Intronic	SYCE1L	HLA-A*03:01	9	yes	intron-retention (candidate)	False	issue_681_ms_only	Zhao et al. 2020 Cancer Immunol Res Table S5; Zotero 3Z5UHGFQ; MS-eluted MAP, no per-peptide T-cell assay
VLFLKLELL	aeTSAs	Noncoding	Intronic	AL645568.1	HLA-C*07:01	9	yes	intron-retention (candidate)	False	issue_681_ms_only	Zhao et al. 2020 Cancer Immunol Res Table S5; Zotero 3Z5UHGFQ; MS-eluted MAP, no per-peptide T-cell assay
VLSPPLSPK	aeTSAs	Noncoding	Intronic	PRSS50	HLA-A*03:01	9	yes	intron-retention (candidate)	False	issue_681_ms_only	Zhao et al. 2020 Cancer Immunol Res Table S5; Zotero 3Z5UHGFQ; MS-eluted MAP, no per-peptide T-cell assay
YLATKFMPI	aeTSAs	Noncoding	Intronic	ADGRL2	HLA-B*08:01	9	yes	intron-retention (candidate)	False	issue_681_ms_only	Zhao et al. 2020 Cancer Immunol Res Table S5; Zotero 3Z5UHGFQ; MS-eluted MAP, no per-peptide T-cell assay
SHNLPANIL	aeTSAs	Noncoding	Intronic	THAP4	HLA-B*39:01	9	yes	intron-retention (candidate)	False	issue_681_ms_only	Zhao et al. 2020 Cancer Immunol Res Table S5; Zotero 3Z5UHGFQ; MS-eluted MAP, no per-peptide T-cell assay
TEISNSQAA	aeTSAs	Noncoding	Intergenic	NA	HLA-B*44:02	9	no	no	False	out_of_splice_scope	Zhao et al. 2020 Cancer Immunol Res Table S5; Zotero 3Z5UHGFQ; MS-eluted MAP, no per-peptide T-cell assay
TPSSHLGLLSY	aeTSAs	Noncoding	Intergenic	NA	HLA-A*01:01	11	no	no	False	out_of_splice_scope	Zhao et al. 2020 Cancer Immunol Res Table S5; Zotero 3Z5UHGFQ; MS-eluted MAP, no per-peptide T-cell assay
VTIDTTQTK	aeTSAs	Noncoding	Intergenic	NA	HLA-A*11:01	9	no	no	False	out_of_splice_scope	Zhao et al. 2020 Cancer Immunol Res Table S5; Zotero 3Z5UHGFQ; MS-eluted MAP, no per-peptide T-cell assay
APASFAATR	aeTSAs	Noncoding	Intergenic	NA	HLA-A*68:01	9	no	no	False	out_of_splice_scope	Zhao et al. 2020 Cancer Immunol Res Table S5; Zotero 3Z5UHGFQ; MS-eluted MAP, no per-peptide T-cell assay
ATLQAAILYEK	aeTSAs	Noncoding	Intergenic	NA	HLA-A*11:01	11	no	no	False	out_of_splice_scope	Zhao et al. 2020 Cancer Immunol Res Table S5; Zotero 3Z5UHGFQ; MS-eluted MAP, no per-peptide T-cell assay
DLLKKTVL	aeTSAs	Noncoding	Intergenic	NA	HLA-B*08:01	8	no	no	False	out_of_splice_scope	Zhao et al. 2020 Cancer Immunol Res Table S5; Zotero 3Z5UHGFQ; MS-eluted MAP, no per-peptide T-cell assay
DSIKASTTL	aeTSAs	Noncoding	Intergenic	NA	HLA-C*03:03	9	no	no	False	out_of_splice_scope	Zhao et al. 2020 Cancer Immunol Res Table S5; Zotero 3Z5UHGFQ; MS-eluted MAP, no per-peptide T-cell assay
FILDIAKLL	aeTSAs	Noncoding	Intergenic	NA	HLA-C*06:02	9	no	no	False	out_of_splice_scope	Zhao et al. 2020 Cancer Immunol Res Table S5; Zotero 3Z5UHGFQ; MS-eluted MAP, no per-peptide T-cell assay
IVSAQNLIK	aeTSAs	Noncoding	Intergenic	NA	HLA-A*03:01	9	no	no	False	out_of_splice_scope	Zhao et al. 2020 Cancer Immunol Res Table S5; Zotero 3Z5UHGFQ; MS-eluted MAP, no per-peptide T-cell assay
LCIKRFLI	aeTSAs	Noncoding	Intergenic	NA	HLA-B*08:01	8	no	no	False	out_of_splice_scope	Zhao et al. 2020 Cancer Immunol Res Table S5; Zotero 3Z5UHGFQ; MS-eluted MAP, no per-peptide T-cell assay
LLLDKLYFL	aeTSAs	Noncoding	Intergenic	NA	HLA-A*02:01	9	no	no	False	out_of_splice_scope	Zhao et al. 2020 Cancer Immunol Res Table S5; Zotero 3Z5UHGFQ; MS-eluted MAP, no per-peptide T-cell assay
LLQKRVPE	aeTSAs	Noncoding	Intergenic	NA	HLA-B*08:01	8	no	no	False	out_of_splice_scope	Zhao et al. 2020 Cancer Immunol Res Table S5; Zotero 3Z5UHGFQ; MS-eluted MAP, no per-peptide T-cell assay
LLSSKLLLM	aeTSAs	Noncoding	Intergenic	NA	HLA-A*02:01	9	no	no	False	out_of_splice_scope	Zhao et al. 2020 Cancer Immunol Res Table S5; Zotero 3Z5UHGFQ; MS-eluted MAP, no per-peptide T-cell assay
LPGVTRSL	aeTSAs	Noncoding	Intergenic	NA	HLA-B*07:02	8	no	no	False	out_of_splice_scope	Zhao et al. 2020 Cancer Immunol Res Table S5; Zotero 3Z5UHGFQ; MS-eluted MAP, no per-peptide T-cell assay
LTHLVSQEL	aeTSAs	Noncoding	Intergenic	NA	HLA-C*14:02	9	no	no	False	out_of_splice_scope	Zhao et al. 2020 Cancer Immunol Res Table S5; Zotero 3Z5UHGFQ; MS-eluted MAP, no per-peptide T-cell assay
LTTTRVATI	aeTSAs	Noncoding	Intergenic	NA	HLA-C*12:03	9	no	no	False	out_of_splice_scope	Zhao et al. 2020 Cancer Immunol Res Table S5; Zotero 3Z5UHGFQ; MS-eluted MAP, no per-peptide T-cell assay
LVFNIILHR	aeTSAs	Noncoding	Intergenic	NA	HLA-A*11:01	9	no	no	False	out_of_splice_scope	Zhao et al. 2020 Cancer Immunol Res Table S5; Zotero 3Z5UHGFQ; MS-eluted MAP, no per-peptide T-cell assay
MVARLTPLL	aeTSAs	Noncoding	Intergenic	NA	HLA-A*02:01	9	no	no	False	out_of_splice_scope	Zhao et al. 2020 Cancer Immunol Res Table S5; Zotero 3Z5UHGFQ; MS-eluted MAP, no per-peptide T-cell assay
NILGKSLTL	aeTSAs	Noncoding	Intergenic	NA	HLA-B*08:01	9	no	no	False	out_of_splice_scope	Zhao et al. 2020 Cancer Immunol Res Table S5; Zotero 3Z5UHGFQ; MS-eluted MAP, no per-peptide T-cell assay
RLATAPSEK	aeTSAs	Noncoding	Intergenic	NA	HLA-A*03:01	9	no	no	False	out_of_splice_scope	Zhao et al. 2020 Cancer Immunol Res Table S5; Zotero 3Z5UHGFQ; MS-eluted MAP, no per-peptide T-cell assay
RTATPLTMK	aeTSAs	Noncoding	ncRNA	MKRN4P	HLA-A*03:01	9	no	no	False	out_of_splice_scope	Zhao et al. 2020 Cancer Immunol Res Table S5; Zotero 3Z5UHGFQ; MS-eluted MAP, no per-peptide T-cell assay
RTATPLTMKK	aeTSAs	Noncoding	ncRNA	MKRN4P	HLA-A*03:01	10	no	no	False	out_of_splice_scope	Zhao et al. 2020 Cancer Immunol Res Table S5; Zotero 3Z5UHGFQ; MS-eluted MAP, no per-peptide T-cell assay
RTHQMNTFQR	aeTSAs	Noncoding	ncRNA	SLC25A3P1	HLA-A*11:01	10	no	no	False	out_of_splice_scope	Zhao et al. 2020 Cancer Immunol Res Table S5; Zotero 3Z5UHGFQ; MS-eluted MAP, no per-peptide T-cell assay
YLDTAQKNLY	aeTSAs	Noncoding	ncRNA	ZNF725P	HLA-A*01:01	10	no	no	False	out_of_splice_scope	Zhao et al. 2020 Cancer Immunol Res Table S5; Zotero 3Z5UHGFQ; MS-eluted MAP, no per-peptide T-cell assay
ENVLSKLY	aeTSAs	Noncoding	ncRNA	LINC01197	HLA-B*18:01	8	no	no	False	out_of_splice_scope	Zhao et al. 2020 Cancer Immunol Res Table S5; Zotero 3Z5UHGFQ; MS-eluted MAP, no per-peptide T-cell assay
GTAQVGITK	aeTSAs	Noncoding	ncRNA	AC005062.1	HLA-A*11:01	9	no	no	False	out_of_splice_scope	Zhao et al. 2020 Cancer Immunol Res Table S5; Zotero 3Z5UHGFQ; MS-eluted MAP, no per-peptide T-cell assay
VLAGTVLFK	aeTSAs	Noncoding	ncRNA	HAGLROS	HLA-A*03:01	9	no	no	False	out_of_splice_scope	Zhao et al. 2020 Cancer Immunol Res Table S5; Zotero 3Z5UHGFQ; MS-eluted MAP, no per-peptide T-cell assay
ASNPVIKKK	aeTSAs	Noncoding	ncRNA	NEK2	HLA-A*11:01	9	no	no	False	out_of_splice_scope	Zhao et al. 2020 Cancer Immunol Res Table S5; Zotero 3Z5UHGFQ; MS-eluted MAP, no per-peptide T-cell assay
RPGAGPPGIL	aeTSAs	Noncoding	ncRNA	SNRPA1	HLA-B*07:02	10	no	no	False	out_of_splice_scope	Zhao et al. 2020 Cancer Immunol Res Table S5; Zotero 3Z5UHGFQ; MS-eluted MAP, no per-peptide T-cell assay
IIHSSSLLL	aeTSAs	Noncoding	Antisense	NA	HLA-C*07:01	9	no	no	False	out_of_splice_scope	Zhao et al. 2020 Cancer Immunol Res Table S5; Zotero 3Z5UHGFQ; MS-eluted MAP, no per-peptide T-cell assay
AEHQEGTGTW	aeTSAs	Noncoding	Antisense	NA	HLA-B*44:03	10	no	no	False	out_of_splice_scope	Zhao et al. 2020 Cancer Immunol Res Table S5; Zotero 3Z5UHGFQ; MS-eluted MAP, no per-peptide T-cell assay
EALPDLEQL	aeTSAs	Noncoding	Antisense	NA	HLA-C*03:03	9	no	no	False	out_of_splice_scope	Zhao et al. 2020 Cancer Immunol Res Table S5; Zotero 3Z5UHGFQ; MS-eluted MAP, no per-peptide T-cell assay
GKDPNPVVL	aeTSAs	Noncoding	Antisense	NA	HLA-B*39:01	9	no	no	False	out_of_splice_scope	Zhao et al. 2020 Cancer Immunol Res Table S5; Zotero 3Z5UHGFQ; MS-eluted MAP, no per-peptide T-cell assay
PSPLRPSL	aeTSAs	Noncoding	Antisense	NA	HLA-B*07:02	8	no	no	False	out_of_splice_scope	Zhao et al. 2020 Cancer Immunol Res Table S5; Zotero 3Z5UHGFQ; MS-eluted MAP, no per-peptide T-cell assay
SLLNVIGLSV	aeTSAs	Noncoding	Antisense	NA	HLA-A*02:01	10	no	no	False	out_of_splice_scope	Zhao et al. 2020 Cancer Immunol Res Table S5; Zotero 3Z5UHGFQ; MS-eluted MAP, no per-peptide T-cell assay
YRALSLAGL	aeTSAs	Noncoding	Antisense	NA	HLA-B*39:01	9	no	no	False	out_of_splice_scope	Zhao et al. 2020 Cancer Immunol Res Table S5; Zotero 3Z5UHGFQ; MS-eluted MAP, no per-peptide T-cell assay
AEEEIMKKI	aeTSAs	Coding-in	Annotated ORF	IGF2BP3	HLA-B*44:03	9	no	no	False	out_of_splice_scope	Zhao et al. 2020 Cancer Immunol Res Table S5; Zotero 3Z5UHGFQ; MS-eluted MAP, no per-peptide T-cell assay
FAFGEPREL	aeTSAs	Coding-in	Annotated ORF	MAGEC1	HLA-C*12:03	9	no	no	False	out_of_splice_scope	Zhao et al. 2020 Cancer Immunol Res Table S5; Zotero 3Z5UHGFQ; MS-eluted MAP, no per-peptide T-cell assay
GTSPPSVEK	aeTSAs	Coding-in	Annotated ORF	MUC16	HLA-A*11:01	9	no	no	False	out_of_splice_scope	Zhao et al. 2020 Cancer Immunol Res Table S5; Zotero 3Z5UHGFQ; MS-eluted MAP, no per-peptide T-cell assay
IMKKIRESY	aeTSAs	Coding-in	Annotated ORF	IGF2BP3	HLA-B*15:01	9	no	no	False	out_of_splice_scope	Zhao et al. 2020 Cancer Immunol Res Table S5; Zotero 3Z5UHGFQ; MS-eluted MAP, no per-peptide T-cell assay
KEVDPASNTY	aeTSAs	Coding-in	Annotated ORF	MAGEA4	HLA-B*44:03	10	no	no	False	out_of_splice_scope	Zhao et al. 2020 Cancer Immunol Res Table S5; Zotero 3Z5UHGFQ; MS-eluted MAP, no per-peptide T-cell assay
RVKSTISSL	aeTSAs	Coding-in	Annotated ORF	MUC16	HLA-B*07:02	9	no	no	False	out_of_splice_scope	Zhao et al. 2020 Cancer Immunol Res Table S5; Zotero 3Z5UHGFQ; MS-eluted MAP, no per-peptide T-cell assay
SLGAGLSPCL	aeTSAs	Coding-in	Annotated ORF	KIAA1328	HLA-A*02:01	10	no	no	False	out_of_splice_scope	Zhao et al. 2020 Cancer Immunol Res Table S5; Zotero 3Z5UHGFQ; MS-eluted MAP, no per-peptide T-cell assay
SPQTQTHTL	aeTSAs	Coding-in	Annotated ORF	MUC4	HLA-B*07:02	9	no	no	False	out_of_splice_scope	Zhao et al. 2020 Cancer Immunol Res Table S5; Zotero 3Z5UHGFQ; MS-eluted MAP, no per-peptide T-cell assay
SQGFSHSQM	aeTSAs	Coding-in	Annotated ORF	MUC16	HLA-B*15:01	9	no	no	False	out_of_splice_scope	Zhao et al. 2020 Cancer Immunol Res Table S5; Zotero 3Z5UHGFQ; MS-eluted MAP, no per-peptide T-cell assay
STQMTITTQK	aeTSAs	Coding-in	Annotated ORF	MUC16	HLA-A*11:01	10	no	no	False	out_of_splice_scope	Zhao et al. 2020 Cancer Immunol Res Table S5; Zotero 3Z5UHGFQ; MS-eluted MAP, no per-peptide T-cell assay
TPKLRETSV	aeTSAs	Coding-in	Annotated ORF	MUC16	HLA-B*08:01	9	no	no	False	out_of_splice_scope	Zhao et al. 2020 Cancer Immunol Res Table S5; Zotero 3Z5UHGFQ; MS-eluted MAP, no per-peptide T-cell assay
