peptide	gene	hla	measure	assay	in_registry	source_ref	pmid	source_desc
FLSSVALAL		HLA-A*02:01	Positive	qualitative binding|multimer/tetramer	NO	ref1040678	33811047	Splicing Patterns in SF3B1-Mutated Uveal Melanoma (Bigot 2021)
FLPPGGAPV		HLA-A*02:01	Positive	qualitative binding|multimer/tetramer	NO	ref1040678	33811047	Splicing Patterns in SF3B1-Mutated Uveal Melanoma (Bigot 2021)
MLAAPISGL		HLA-A*02:01	Positive	qualitative binding|multimer/tetramer	NO	ref1040678	33811047	Splicing Patterns in SF3B1-Mutated Uveal Melanoma (Bigot 2021)
GLVETFYFT		HLA-A*02:01	Positive	qualitative binding|multimer/tetramer	NO	ref1040678	33811047	Splicing Patterns in SF3B1-Mutated Uveal Melanoma (Bigot 2021)
FQVQSLPAA		HLA-A*02:01	Positive	qualitative binding|multimer/tetramer	NO	ref1040678	33811047	Splicing Patterns in SF3B1-Mutated Uveal Melanoma (Bigot 2021)
CLFSPQLLV		HLA-A*02:01	Positive	qualitative binding|multimer/tetramer	NO	ref1040678	33811047	Splicing Patterns in SF3B1-Mutated Uveal Melanoma (Bigot 2021)
FMALDDPVI		HLA-A*02:01	Positive	qualitative binding|multimer/tetramer	NO	ref1040678	33811047	Splicing Patterns in SF3B1-Mutated Uveal Melanoma (Bigot 2021)
ALDDPVIFL		HLA-A*02:01	Positive	qualitative binding|multimer/tetramer	NO	ref1040678	33811047	Splicing Patterns in SF3B1-Mutated Uveal Melanoma (Bigot 2021)
FLSRKLSSL		HLA-A*02:01	Positive	qualitative binding|multimer/tetramer	NO	ref1040678	33811047	Splicing Patterns in SF3B1-Mutated Uveal Melanoma (Bigot 2021)
KLLEDDLLI		HLA-A*02:01	Positive	qualitative binding|multimer/tetramer	NO	ref1040678	33811047	Splicing Patterns in SF3B1-Mutated Uveal Melanoma (Bigot 2021)
LLIRWQHFL		HLA-A*02:01	Positive	qualitative binding|multimer/tetramer	NO	ref1040678	33811047	Splicing Patterns in SF3B1-Mutated Uveal Melanoma (Bigot 2021)
LLYLGIIKL		HLA-A*02:01	Positive	qualitative binding|multimer/tetramer	NO	ref1040678	33811047	Splicing Patterns in SF3B1-Mutated Uveal Melanoma (Bigot 2021)
AALPILFQV		HLA-A*02:01	Positive	qualitative binding|multimer/tetramer	NO	ref1040678	33811047	Splicing Patterns in SF3B1-Mutated Uveal Melanoma (Bigot 2021)
ALLLQLFTL		HLA-A*02:01	Positive	qualitative binding|multimer/tetramer	NO	ref1040678	33811047	Splicing Patterns in SF3B1-Mutated Uveal Melanoma (Bigot 2021)
TMDVVIPGL		HLA-A*02:01	Positive	qualitative binding|multimer/tetramer	NO	ref1040678	33811047	Splicing Patterns in SF3B1-Mutated Uveal Melanoma (Bigot 2021)
VLFLTLNEV		HLA-A*02:01	Positive	qualitative binding|multimer/tetramer	NO	ref1040678	33811047	Splicing Patterns in SF3B1-Mutated Uveal Melanoma (Bigot 2021)
FLTLNEVFL		HLA-A*02:01	Positive	qualitative binding|multimer/tetramer	NO	ref1040678	33811047	Splicing Patterns in SF3B1-Mutated Uveal Melanoma (Bigot 2021)
TLNEVFLIL		HLA-A*02:01	Positive	qualitative binding|multimer/tetramer	NO	ref1040678	33811047	Splicing Patterns in SF3B1-Mutated Uveal Melanoma (Bigot 2021)
FLILQVHGT		HLA-A*02:01	Positive	qualitative binding|multimer/tetramer	NO	ref1040678	33811047	Splicing Patterns in SF3B1-Mutated Uveal Melanoma (Bigot 2021)
ALLPGLPAA		HLA-A*02:01	Positive	qualitative binding|multimer/tetramer	NO	ref1040678	33811047	Splicing Patterns in SF3B1-Mutated Uveal Melanoma (Bigot 2021)
RLFPISPET		HLA-A*02:01	Positive	qualitative binding|multimer/tetramer	NO	ref1040678	33811047	Splicing Patterns in SF3B1-Mutated Uveal Melanoma (Bigot 2021)
SLLPYVFVI		HLA-A*02:01	Positive	qualitative binding|multimer/tetramer	NO	ref1040678	33811047	Splicing Patterns in SF3B1-Mutated Uveal Melanoma (Bigot 2021)
FLWCFPFSL		HLA-A*02:01	Positive	qualitative binding|multimer/tetramer	NO	ref1040678	33811047	Splicing Patterns in SF3B1-Mutated Uveal Melanoma (Bigot 2021)
FLFIGMSQM		HLA-A*02:01	Positive	qualitative binding|multimer/tetramer	NO	ref1040678	33811047	Splicing Patterns in SF3B1-Mutated Uveal Melanoma (Bigot 2021)
SLSPALPGA		HLA-A*02:01	Positive	qualitative binding|multimer/tetramer	NO	ref1040678	33811047	Splicing Patterns in SF3B1-Mutated Uveal Melanoma (Bigot 2021)
FMDDAKILF		HLA-A*02:01	Positive	qualitative binding|multimer/tetramer	NO	ref1040678	33811047	Splicing Patterns in SF3B1-Mutated Uveal Melanoma (Bigot 2021)
FLFLDTIRT		HLA-A*02:01	Positive	qualitative binding|multimer/tetramer	NO	ref1040678	33811047	Splicing Patterns in SF3B1-Mutated Uveal Melanoma (Bigot 2021)
ALDNVDAPL		HLA-A*02:01	Positive	qualitative binding|multimer/tetramer	NO	ref1040678	33811047	Splicing Patterns in SF3B1-Mutated Uveal Melanoma (Bigot 2021)
RLPGVLPRA		HLA-A*02:01	Positive	qualitative binding|multimer/tetramer	NO	ref1040678	33811047	Splicing Patterns in SF3B1-Mutated Uveal Melanoma (Bigot 2021)
AVAEATAGV		HLA-A*02:01	Positive	qualitative binding|multimer/tetramer	NO	ref1040678	33811047	Splicing Patterns in SF3B1-Mutated Uveal Melanoma (Bigot 2021)
FILKPILFL		HLA-A*02:01	Positive	qualitative binding|multimer/tetramer	NO	ref1040678	33811047	Splicing Patterns in SF3B1-Mutated Uveal Melanoma (Bigot 2021)
GLNTFALGL		HLA-A*02:01	Positive	qualitative binding|multimer/tetramer	NO	ref1040678	33811047	Splicing Patterns in SF3B1-Mutated Uveal Melanoma (Bigot 2021)
KLMGPEVQV		HLA-A*02:01	Positive	qualitative binding|multimer/tetramer	NO	ref1040678	33811047	Splicing Patterns in SF3B1-Mutated Uveal Melanoma (Bigot 2021)
RLGEVRHPV		HLA-A*02:01	Positive	qualitative binding|multimer/tetramer	NO	ref1040678	33811047	Splicing Patterns in SF3B1-Mutated Uveal Melanoma (Bigot 2021)
SLTFLPLYV		HLA-A*02:01	Positive	qualitative binding|multimer/tetramer	NO	ref1040678	33811047	Splicing Patterns in SF3B1-Mutated Uveal Melanoma (Bigot 2021)
SLLLPSFHL	Guanine nucleotide-binding protein G(s) subunit alpha isoforms short (356-364)	HLA-A*02:01	Positive	IFNg release|ELISA	folded-upgrade	ref1045680	39972144	Tumour-wide RNA splicing aberrations -> public neoantigens (2025) [#838: NeoA-GNAS; upgraded existing GNAS row NOT-PUBLISHED->scorable]
GIMDAANFFL	RPL22 (in-frame NEJ; gene unannotated in IEDB)	HLA-A*02:01	Positive	IFNg release|ELISA	folded-upgrade	ref1045680	39972144	Tumour-wide RNA splicing aberrations -> public neoantigens (2025) [#838: NeoA-RPL22, confirmed via RPL22 WT GIMDAANFEQFLQER minus EQ; upgraded existing RPL22 row NOT-PUBLISHED->scorable]
MADAGAMAA		human	Positive	IFNg release|ELISPOT	folded-nonscorable	ref1043193	37756564	Long-Read Seq alt-splicing shared immunogenic neoepitopes (2023) [#838: gate-1 from supp Table13; HLA unpublished -> functional-nonscorable]
RGAGLGRAL		human	Positive	IFNg release|ELISPOT	folded-nonscorable	ref1043193	37756564	Long-Read Seq alt-splicing shared immunogenic neoepitopes (2023) [#838: gate-1 from supp Table13; HLA unpublished -> functional-nonscorable]
RQVGEGCRT	septin-6 isoform A (8-16)	human	Positive-Low	IFNg release|ELISPOT	folded-nonscorable	ref1043193	37756564	Long-Read Seq alt-splicing shared immunogenic neoepitopes (2023) [#838: gate-1 from supp Table13; HLA unpublished -> functional-nonscorable]
KNILNGSRA	unnamed protein product [Homo sapiens] (103-111)	human	Positive	IFNg release|ELISPOT	folded-nonscorable	ref1043193	37756564	Long-Read Seq alt-splicing shared immunogenic neoepitopes (2023) [#838: gate-1 from supp Table13; HLA unpublished -> functional-nonscorable]
TVYTTKIITK	Periostin (667-676)	HLA-A11	Positive	IFNg release|ELISA	folded-correction	ref1046253	40181162	POSTN splicing junction epitopes (2025) [#838: IS the validated POSTN-203_A11 epitope; corrected the existing registry row that mis-keyed predicted binder KTEGPTLTK]
YLQPNPGDAL		HLA-A*02:01	Positive-Low	IFNg release|ELISPOT	folded-scorable	ref1046844	40273911	Kim mis-splicing SF-mutant leukemias (2025) [partial in registry] [#838: gate-1 from mmc2 (gene+AS event+coords); A*02:01 dextramer mmc5 -> functional-scorable]
FLWPGLGPS		HLA-A*02:01	Positive-Low	IFNg release|ELISPOT	folded-scorable	ref1046844	40273911	Kim mis-splicing SF-mutant leukemias (2025) [partial in registry] [#838: gate-1 from mmc2 (gene+AS event+coords); A*02:01 dextramer mmc5 -> functional-scorable]
CLLPPALFL		HLA-A*02:01	Positive	IFNg release|ELISPOT	yes	ref1046844	40273911	Kim mis-splicing SF-mutant leukemias (2025) [partial in registry]
VLCDQTAQV		HLA-A*02:01	Positive	IFNg release|ELISPOT	folded-scorable	ref1046844	40273911	Kim mis-splicing SF-mutant leukemias (2025) [partial in registry] [#838: gate-1 from mmc2 (gene+AS event+coords); A*02:01 dextramer mmc5 -> functional-scorable]
FLWPGLGPSV		HLA-A*02:01	Positive-Low	IFNg release|ELISPOT	folded-scorable	ref1046844	40273911	Kim mis-splicing SF-mutant leukemias (2025) [partial in registry] [#838: gate-1 from mmc2 (gene+AS event+coords); A*02:01 dextramer mmc5 -> functional-scorable]
SVAWPWPAV		HLA-A*02:01	Positive-Low	IFNg release|ELISPOT	folded-scorable	ref1046844	40273911	Kim mis-splicing SF-mutant leukemias (2025) [partial in registry] [#838: gate-1 from mmc2 (gene+AS event+coords); A*02:01 dextramer mmc5 -> functional-scorable]
AVIQGQFFV		HLA-A*02:01	Positive	IFNg release|ELISPOT	folded-scorable	ref1046844	40273911	Kim mis-splicing SF-mutant leukemias (2025) [partial in registry] [#838: gate-1 from mmc2 (gene+AS event+coords); A*02:01 dextramer mmc5 -> functional-scorable]
RLLAAVLEA		HLA-A*02:01	Positive	IFNg release|ICS	yes	ref1046844	40273911	Kim mis-splicing SF-mutant leukemias (2025) [partial in registry]
YLSKYLNVNL		HLA-A*02:01	Positive	IFNg release|ELISPOT	folded-scorable	ref1046844	40273911	Kim mis-splicing SF-mutant leukemias (2025) [partial in registry] [#838: gate-1 from mmc2 (gene+AS event+coords); A*02:01 dextramer mmc5 -> functional-scorable]
RLWGTWVKA		HLA-A*02:01	Positive	IFNg release|ICS	yes	ref1046844	40273911	Kim mis-splicing SF-mutant leukemias (2025) [partial in registry]
FTDGKVYSNV		HLA-A*02:01	Positive-Low	IFNg release|ELISPOT	folded-scorable	ref1046844	40273911	Kim mis-splicing SF-mutant leukemias (2025) [partial in registry] [#838: gate-1 from mmc2 (gene+AS event+coords); A*02:01 dextramer mmc5 -> functional-scorable]
SLIRAQEEA		HLA-A*02:01	Positive	IFNg release|ELISPOT	folded-scorable	ref1046844	40273911	Kim mis-splicing SF-mutant leukemias (2025) [partial in registry] [#838: gate-1 from mmc2 (gene+AS event+coords); A*02:01 dextramer mmc5 -> functional-scorable]
GLRDKASYV			Positive	IFNg release|ELISPOT	folded-scorable	ref1046844	40273911	Kim mis-splicing SF-mutant leukemias (2025) [partial in registry] [#838: gate-1 from mmc2 (gene+AS event+coords); A*02:01 dextramer mmc5 -> functional-scorable]
LLPRVSVWL			Positive	IFNg release|ELISPOT	folded-scorable	ref1046844	40273911	Kim mis-splicing SF-mutant leukemias (2025) [partial in registry] [#838: gate-1 from mmc2 (gene+AS event+coords); A*02:01 dextramer mmc5 -> functional-scorable]
NLQALLYQA			Positive-Low	IFNg release|ELISPOT	folded-scorable	ref1046844	40273911	Kim mis-splicing SF-mutant leukemias (2025) [partial in registry] [#838: gate-1 from mmc2 (gene+AS event+coords); A*02:01 dextramer mmc5 -> functional-scorable]
ILGSLTWSC			Positive-Low	IFNg release|ELISPOT	folded-scorable	ref1046844	40273911	Kim mis-splicing SF-mutant leukemias (2025) [partial in registry] [#838: gate-1 from mmc2 (gene+AS event+coords); A*02:01 dextramer mmc5 -> functional-scorable]
LVAKWLLTI		HLA-A*02:01	Positive	qualitative binding|multimer/tetramer	yes	ref1046844	40273911	Kim mis-splicing SF-mutant leukemias (2025) [partial in registry]
FMDDYIFV		HLA-A*02:01	Positive	qualitative binding|multimer/tetramer	yes	ref1046844	40273911	Kim mis-splicing SF-mutant leukemias (2025) [partial in registry]
