Chromosome	Start	Stop	Reference	Variant	Transcript	Transcript Support Level	Transcript Length	Canonical	MANE Select	Biotype	Transcript CDS Flags	Ensembl Gene ID	Variant Type	Mutation	Protein Position	Gene Name	HGVSc	HGVSp	HLA Allele	Peptide Length	Sub-peptide Position	Mutation Position	MT Epitope Seq	WT Epitope Seq	Best MT IC50 Score Method	Best MT IC50 Score	Corresponding WT IC50 Score	Corresponding Fold Change	Best MT Percentile Method	Best MT Percentile	Corresponding WT Percentile	Best MT IC50 Percentile Method	Best MT IC50 Percentile	Corresponding WT IC50 Percentile	Best MT Immunogenicity Percentile Method	Best MT Immunogenicity Percentile	Corresponding WT Immunogenicity Percentile	Best MT Presentation Percentile Method	Best MT Presentation Percentile	Corresponding WT Presentation Percentile	Tumor DNA Depth	Tumor DNA VAF	Tumor RNA Depth	Tumor RNA VAF	Normal Depth	Normal VAF	Gene Expression	Transcript Expression	Median MT IC50 Score	Median WT IC50 Score	Median Fold Change	Median MT Percentile	Median WT Percentile	Median MT IC50 Percentile	Median WT IC50 Percentile	Median MT Immunogenicity Percentile	Median WT Immunogenicity Percentile	Median MT Presentation Percentile	Median WT Presentation Percentile	MHCflurry WT IC50 Score	MHCflurry MT IC50 Score	MHCflurry WT Percentile	MHCflurry MT Percentile	Index	Gene of Interest	cterm_7mer_gravy_score	max_7mer_gravy_score	difficult_n_terminal_residue	c_terminal_cysteine	c_terminal_proline	cysteine_count	n_terminal_asparagine	asparagine_proline_bond_count
chr4	108650681	108650682	C	G	ENST00000361564.9	1	149	True	True	protein_coding	None	ENSG00000198856	missense	F/L	9	OSTC	ENST00000361564.9:c.27C>G	ENSP00000354676.4:p.Phe9Leu	HLA-A*02:01	9	3	7	TLYRVPLLV	TLYRVPFLV	MHCflurry	17.668	12.914	0.731	MHCflurry	0.074	0.022	MHCflurry	0.074	0.022	NA	NA	NA	NA	NA	NA	273	0.462	1028	0.486	154	0.0	173.877	167.705	17.668	12.914	0.731	0.074	0.022	0.074	0.022	NA	NA	NA	NA	12.914257286087045	17.66802345442995	0.021625	0.073625	261.OSTC.ENST00000361564.9.missense.9F/L	False	1.2285714285714289	1.2285714285714289	False	False	False	0	False	0
chr3	172353066	172353067	C	T	ENST00000416957.5	1	1204	False	False	protein_coding	None	ENSG00000075420	missense	P/S	927	FNDC3B	ENST00000416957.5:c.2779C>T	ENSP00000389094.1:p.Pro927Ser	HLA-A*02:01	9	7	3	LLSETTYRI	LLPETTYRI	MHCflurry	12.703	16.96	1.335	MHCflurry	0.019	0.065	MHCflurry	0.019	0.065	NA	NA	NA	NA	NA	NA	59	0.356	928	0.317	73	0.0	92.076	58.228	12.703	16.96	1.335	0.019	0.065	0.019	0.065	NA	NA	NA	NA	16.96023648901666	12.702637764126653	0.065	0.019375	245.FNDC3B.ENST00000416957.5.missense.927P/S	False	-1.0	0.08571428571428566	False	False	False	0	False	0
chr2	190982493	190982494	G	C	ENST00000361099.8	1	750	True	True	protein_coding	None	ENSG00000115415	missense	P/A	491	STAT1	ENST00000361099.8:c.1471C>G	ENSP00000354394.4:p.Pro491Ala	HLA-A*02:01	9	1	9	NLSFFLTPA	NLSFFLTPP	MHCflurry	28.82	7500.925	260.268	MHCflurry	0.183	4.431	MHCflurry	0.183	4.431	NA	NA	NA	NA	NA	NA	180	0.583	1475	0.52	115	0.0	172.622	79.567	28.82	7500.925	260.268	0.183	4.431	0.183	4.431	NA	NA	NA	NA	7500.924784614816	28.81996903169772	4.431125	0.1835	167.STAT1.ENST00000361099.8.missense.491P/A	False	1.157142857142857	1.4428571428571428	False	False	False	0	True	0
chr11	64320894	64320895	T	C	ENST00000265462.9	1	214	True	True	protein_coding	None	ENSG00000126432	missense	F/L	157	PRDX5	ENST00000265462.9:c.469T>C	ENSP00000265462.4:p.Phe157Leu	HLA-A*02:01	9	1	9	LLADPTGAL	LLADPTGAF	MHCflurry	34.894	1052.725	30.169	MHCflurry	0.236	1.785	MHCflurry	0.236	1.785	NA	NA	NA	NA	NA	NA	255	0.427	6089	0.439	124	0.0	580.692	549.853	34.894	1052.725	30.169	0.236	1.785	0.236	1.785	NA	NA	NA	NA	1052.72521688059	34.89436606627714	1.784624999999999	0.2357499999999998	605.PRDX5.ENST00000265462.9.missense.157F/L	False	0.17142857142857132	0.45714285714285724	False	False	False	0	False	0
chr17	4545724	4545725	T	C	ENST00000254718.9	1	1328	True	True	protein_coding	None	ENSG00000132382	missense	E/G	653	MYBBP1A	ENST00000254718.9:c.1958A>G	ENSP00000254718.4:p.Glu653Gly	HLA-A*02:01	9	6	4	VLVGILLAL	VLVEILLAL	MHCflurry	19.682	16.823	0.855	MHCflurry	0.094	0.063	MHCflurry	0.094	0.063	NA	NA	NA	NA	NA	NA	179	0.352	420	0.319	119	0.0	47.493	23.899	19.682	16.823	0.855	0.094	0.063	0.094	0.063	NA	NA	NA	NA	16.8225619016634	19.68193416575601	0.062875	0.09425	793.MYBBP1A.ENST00000254718.9.missense.653E/G	False	3.071428571428572	3.414285714285714	False	False	False	0	False	0
chr2	669669	669670	C	T	ENST00000281017.8	1	140	True	True	protein_coding	None	ENSG00000151353	missense	M/I	111	TMEM18	ENST00000281017.8:c.333G>A	ENSP00000281017.3:p.Met111Ile	HLA-A*02:01	9	3	7	AMIIVVIWV	AMIIVVMWV	MHCflurry	22.976	21.979	0.957	MHCflurry	0.13	0.119	MHCflurry	0.13	0.119	NA	NA	NA	NA	NA	NA	141	0.262	980	0.306	89	0.011	55.263	3.288	22.976	21.979	0.957	0.13	0.119	0.13	0.119	NA	NA	NA	NA	21.979003340666928	22.976112491120023	0.1195	0.129875	111.TMEM18.ENST00000281017.8.missense.111M/I	False	3.6	3.657142857142857	False	False	False	0	False	0
chr8	38428419	38428420	G	A	ENST00000425967.8	1	828	False	False	protein_coding	None	ENSG00000077782	missense	S/L	125	FGFR1	ENST00000425967.8:c.374C>T	ENSP00000393312.4:p.Ser125Leu	HLA-A*02:01	9	1	9	NVSDALPSL	NVSDALPSS	MHCflurry	59.468	10306.769	173.316	MHCflurry	0.413	5.593	MHCflurry	0.413	5.593	NA	NA	NA	NA	NA	NA	116	1.0	1501	0.999	147	0.0	143.964	11.709	59.468	10306.769	173.316	0.413	5.593	0.413	5.593	NA	NA	NA	NA	10306.769481729783	59.46821064881047	5.593000000000003	0.4131249999999996	436.FGFR1.ENST00000425967.8.missense.125S/L	True	0.3857142857142856	0.4428571428571428	False	False	False	0	True	0
chr7	112342710	112342711	G	C	ENST00000361822.8	1	450	True	True	protein_coding	None	ENSG00000198839	missense	L/F	445	ZNF277	ENST00000361822.8:c.1335G>C	ENSP00000354501.3:p.Leu445Phe	HLA-A*02:01	9	7	6	KQSSIFNQL	KQSSILNQL	MHCflurry	46.882	45.451	0.969	MHCflurry	0.334	0.323	MHCflurry	0.334	0.323	NA	NA	NA	NA	NA	NA	175	0.434	505	0.347	92	0.0	58.592	9.179	46.882	45.451	0.969	0.334	0.323	0.334	0.323	NA	NA	NA	NA	45.451420059159446	46.881821979474886	0.3233749999999997	0.3341249999999997	404.ZNF277.ENST00000361822.8.missense.445L/F	False	0.35714285714285704	0.35714285714285704	False	False	False	0	False	0
chrX	40655057	40655058	G	T	ENST00000324817.6	1	1454	True	True	protein_coding	None	ENSG00000180182	missense	F/L	1325	MED14	ENST00000324817.6:c.3975C>A	ENSP00000323720.1:p.Phe1325Leu	HLA-A*02:01	9	8	2	LLPDQATQL	LFPDQATQL	MHCflurry	38.761	1774.441	45.779	MHCflurry	0.272	2.188	MHCflurry	0.272	2.188	NA	NA	NA	NA	NA	NA	72	1.0	146	1.0	82	0.0	18.572	7.173	38.761	1774.441	45.779	0.272	2.188	0.272	2.188	NA	NA	NA	NA	1774.440840952942	38.76099316005552	2.1875	0.2719999999999998	961.MED14.ENST00000324817.6.missense.1325F/L	False	-1.0285714285714287	0.0142857142857143	False	False	False	0	False	0
chr9	35750917	35750918	C	T	ENST00000378078.5	1	391	True	True	protein_coding	None	ENSG00000107185	missense	T/I	139	RGP1	ENST00000378078.5:c.416C>T	ENSP00000367318.4:p.Thr139Ile	HLA-A*02:01	9	7	3	KLIIGCQRV	KLTIGCQRV	MHCflurry	36.024	106.495	2.956	MHCflurry	0.246	0.633	MHCflurry	0.246	0.633	NA	NA	NA	NA	NA	NA	95	0.979	194	0.995	126	0.016	12.548	9.354	36.024	106.495	2.956	0.246	0.633	0.246	0.633	NA	NA	NA	NA	106.49498197253716	36.0238487149689	0.6329999999999995	0.2456249999999998	484.RGP1.ENST00000378078.5.missense.139T/I	False	1.042857142857143	1.0714285714285714	False	False	False	1	False	0
chr1	154590262	154590263	T	A	ENST00000368471.8	1	931	False	False	protein_coding	None	ENSG00000160710	missense	E/V	511	ADAR	ENST00000368471.8:c.1532A>T	ENSP00000357456.3:p.Glu511Val	HLA-A*02:01	9	5	5	MGFTVVTPV	MGFTEVTPV	MHCflurry	188.995	444.19	2.35	MHCflurry	0.867	1.269	MHCflurry	0.867	1.269	NA	NA	NA	NA	NA	NA	149	0.302	1233	0.348	139	0.007	131.835	36.828	188.995	444.19	2.35	0.867	1.269	0.867	1.269	NA	NA	NA	NA	444.1903104737248	188.9949034348013	1.2689999999999992	0.8666249999999991	49.ADAR.ENST00000368471.8.missense.511E/V	False	1.7714285714285718	1.7714285714285718	False	False	False	0	False	0
chr11	62752450	62752451	G	A	ENST00000394807.5	1	524	True	True	protein_coding	None	ENSG00000185670	missense	S/F	405	ZBTB3	ENST00000394807.5:c.1214C>T	ENSP00000378286.4:p.Ser405Phe	HLA-A*02:01	9	6	4	YLSFEYEAA	YLSSEYEAA	MHCflurry	52.514	37.861	0.721	MHCflurry	0.369	0.264	MHCflurry	0.369	0.264	NA	NA	NA	NA	NA	NA	115	0.67	148	0.601	53	0.0	13.703	7.771	52.514	37.861	0.721	0.369	0.264	0.369	0.264	NA	NA	NA	NA	37.86140929564024	52.51432994945184	0.2641249999999998	0.3689999999999997	596.ZBTB3.ENST00000394807.5.missense.405S/F	False	-0.38571428571428584	-0.09999999999999999	False	False	False	0	False	0
chr20	23354058	23354059	C	G	ENST00000254998.3	1	140	True	True	protein_coding	None	ENSG00000132661	missense	F/L	6	NXT1	ENST00000254998.3:c.18C>G	ENSP00000254998.2:p.Phe6Leu	HLA-A*02:01	9	2	5	ASVDLKTYV	ASVDFKTYV	MHCflurry	148.569	71.001	0.478	MHCflurry	0.762	0.472	MHCflurry	0.762	0.472	NA	NA	NA	NA	NA	NA	112	0.375	519	0.422	108	0.0	38.946	38.946	148.569	71.001	0.478	0.762	0.472	0.762	0.472	NA	NA	NA	NA	71.00055745457222	148.56872844511125	0.4724999999999997	0.7624999999999992	893.NXT1.ENST00000254998.3.missense.6F/L	False	0.4	0.4	False	False	False	0	False	0
chr6	118491773	118491774	G	A	ENST00000368491.8	1	805	True	True	protein_coding	None	ENSG00000111860	missense	S/F	450	CEP85L	ENST00000368491.8:c.1349C>T	ENSP00000357477.3:p.Ser450Phe	HLA-A*02:01	9	6	4	KLAFTEKEV	KLASTEKEV	MHCflurry	104.006	76.804	0.738	MHCflurry	0.622	0.501	MHCflurry	0.622	0.501	NA	NA	NA	NA	NA	NA	308	0.581	95	0.421	185	0.011	16.147	5.216	104.006	76.804	0.738	0.622	0.501	0.622	0.501	NA	NA	NA	NA	76.80440745639764	104.00551146550868	0.5007499999999996	0.6221249999999995	351.CEP85L.ENST00000368491.8.missense.450S/F	False	-0.39999999999999997	-0.39999999999999997	False	False	False	0	False	0
chr9	137199427	137199428	T	A	ENST00000409012.6	1	711	True	True	protein_coding	None	ENSG00000176058	missense	E/D	428	TPRN	ENST00000409012.6:c.1284A>T	ENSP00000387100.4:p.Glu428Asp	HLA-A*02:01	9	3	7	FLPAASDEA	FLPAASEEA	MHCflurry	77.793	59.01	0.759	MHCflurry	0.508	0.409	MHCflurry	0.508	0.409	NA	NA	NA	NA	NA	NA	54	0.296	93	0.333	54	0.0	10.805	6.729	77.793	59.01	0.759	0.508	0.409	0.508	0.409	NA	NA	NA	NA	59.01012554672062	77.79301688504701	0.4087499999999996	0.5079999999999996	503.TPRN.ENST00000409012.6.missense.428E/D	False	-0.5714285714285714	0.6142857142857142	False	False	False	0	False	0
chr6	109451607	109451608	G	T	ENST00000358577.7	1	981	False	False	protein_coding	None	ENSG00000135596	missense	L/M	309	MICAL1	ENST00000358577.7:c.925C>A	ENSP00000351385.3:p.Leu309Met	HLA-A*02:01	9	8	2	VMRQPFWPL	VLRQPFWPL	MHCflurry	79.081	70.344	0.89	MHCflurry	0.513	0.468	MHCflurry	0.513	0.468	NA	NA	NA	NA	NA	NA	52	0.981	96	1.0	33	0.0	12.825	2.946	79.081	70.344	0.89	0.513	0.468	0.513	0.468	NA	NA	NA	NA	70.344095212269	79.08089469595505	0.4683749999999997	0.5128749999999995	346.MICAL1.ENST00000358577.7.missense.309L/M	False	-0.7857142857142858	-0.22857142857142865	False	False	False	0	False	0
chrX	1419025	1419026	G	A	ENST00000381317.9	1	621	True	True	protein_coding	None	ENSG00000169093	missense	T/M	445	ASMTL	ENST00000381317.9:c.1334C>T	ENSP00000370718.3:p.Thr445Met	HLA-A*02:01	9	1	9	KLTACQVAM	KLTACQVAT	MHCflurry	344.669	2285.502	6.631	MHCflurry	1.146	2.431	MHCflurry	1.146	2.431	NA	NA	NA	NA	NA	NA	353	0.467	804	0.46	105	0.0	74.609	65.222	344.669	2285.502	6.631	1.146	2.431	1.146	2.431	NA	NA	NA	NA	2285.502298261281	344.6687801602451	2.431375	1.1464999999999992	943.ASMTL.ENST00000381317.9.missense.445T/M	False	1.1428571428571428	1.4142857142857144	False	False	False	1	False	0
chr19	14049194	14049195	C	T	ENST00000263379.4	1	636	True	True	protein_coding	None	ENSG00000104998	missense	A/V	428	IL27RA	ENST00000263379.4:c.1283C>T	ENSP00000263379.1:p.Ala428Val	HLA-A*02:01	9	5	5	RLQDVPPGT	RLQDAPPGT	MHCflurry	147.095	369.903	2.515	MHCflurry	0.757	1.179	MHCflurry	0.757	1.179	NA	NA	NA	NA	NA	NA	187	0.262	197	0.305	107	0.0	13.617	6.809	147.095	369.903	2.515	0.757	1.179	0.757	1.179	NA	NA	NA	NA	369.9029526503408	147.0949472718401	1.1791249999999989	0.7574999999999992	855.IL27RA.ENST00000263379.4.missense.428A/V	False	-1.0142857142857145	-0.37142857142857144	False	False	False	0	False	0
chr19	14049194	14049196	CC	TT	ENST00000263379.4	1	636	True	True	protein_coding	None	ENSG00000104998	missense	A/V	428	IL27RA	ENST00000263379.4:c.1283_1284delinsTT	ENSP00000263379.1:p.Ala428Val	HLA-A*02:01	9	5	5	RLQDVPPGT	RLQDAPPGT	MHCflurry	147.095	369.903	2.515	MHCflurry	0.757	1.179	MHCflurry	0.757	1.179	NA	NA	NA	NA	NA	NA	186	0.268	NA	NA	109	0.009	13.617	6.809	147.095	369.903	2.515	0.757	1.179	0.757	1.179	NA	NA	NA	NA	369.9029526503408	147.0949472718401	1.1791249999999989	0.7574999999999992	856.IL27RA.ENST00000263379.4.missense.428A/V	False	-1.0142857142857145	-0.37142857142857144	False	False	False	0	False	0
chr17	5007046	5007047	C	T	ENST00000320785.10	1	1103	True	True	protein_coding	None	ENSG00000129250	missense	S/F	433	KIF1C	ENST00000320785.10:c.1298C>T	ENSP00000320821.5:p.Ser433Phe	HLA-A*02:01	9	9	1	FQIGPEEAM	SQIGPEEAM	MHCflurry	383.063	917.52	2.395	MHCflurry	1.201	1.686	MHCflurry	1.201	1.686	NA	NA	NA	NA	NA	NA	174	0.316	1679	0.297	107	0.0	121.453	43.138	383.063	917.52	2.395	1.201	1.686	1.201	1.686	NA	NA	NA	NA	917.5198920915426	383.062799476594	1.6857499999999992	1.200999999999999	797.KIF1C.ENST00000320785.10.missense.433S/F	False	-0.11428571428571432	-0.11428571428571432	False	False	False	0	False	0
chr2	216428741	216428742	C	G	ENST00000358207.9	1	954	False	False	protein_coding	None	ENSG00000138375	missense	L/V	432	SMARCAL1	ENST00000358207.9:c.1294C>G	ENSP00000350940.5:p.Leu432Val	HLA-A*02:01	9	1	9	DLSEVDPKV	DLSEVDPKL	MHCflurry	154.155	258.514	1.677	MHCflurry	0.781	1.008	MHCflurry	0.781	1.008	NA	NA	NA	NA	NA	NA	197	0.457	179	0.52	264	0.004	14.405	6.985	154.155	258.514	1.677	0.781	1.008	0.781	1.008	NA	NA	NA	NA	258.51440944554	154.15532757644493	1.0079999999999991	0.7811249999999991	190.SMARCAL1.ENST00000358207.9.missense.432L/V	False	-0.7	-0.7	False	False	False	0	False	0
chr11	862686	862687	C	G	ENST00000397406.5	1	238	False	False	protein_coding	None	ENSG00000214063	missense	I/M	67	TSPAN4	ENST00000397406.5:c.201C>G	ENSP00000380554.1:p.Ile67Met	HLA-A*02:01	9	7	3	MAMGFVGCL	MAIGFVGCL	MHCflurry	380.549	844.252	2.219	MHCflurry	1.196	1.637	MHCflurry	1.196	1.637	NA	NA	NA	NA	NA	NA	73	1.0	550	0.996	83	0.012	72.214	5.871	380.549	844.252	2.219	1.196	1.637	1.196	1.637	NA	NA	NA	NA	844.2521989037767	380.5491191796413	1.636749999999999	1.195624999999999	564.TSPAN4.ENST00000397406.5.missense.67I/M	False	2.057142857142857	2.057142857142857	False	False	False	1	False	0
chr12	48693119	48693120	G	C	ENST00000261900.8	1	726	True	True	protein_coding	None	ENSG00000129315	missense	I/M	698	CCNT1	ENST00000261900.8:c.2094C>G	ENSP00000261900.3:p.Ile698Met	HLA-A*02:01	9	1	9	YLNPRSGGM	YLNPRSGGI	MHCflurry	212.459	50.52	0.238	MHCflurry	0.919	0.359	MHCflurry	0.919	0.359	NA	NA	NA	NA	NA	NA	170	1.0	230	1.0	212	0.009	23.125	11.572	212.459	50.52	0.238	0.919	0.359	0.919	0.359	NA	NA	NA	NA	50.51997365525949	212.4593878428346	0.3586249999999997	0.918874999999999	627.CCNT1.ENST00000261900.8.missense.698I/M	False	-1.3285714285714287	-1.0571428571428574	False	False	False	0	False	1
chr22	50243800	50243801	T	C	ENST00000248846.10	1	1819	True	True	protein_coding	None	ENSG00000128159	missense	H/R	220	TUBGCP6	ENST00000248846.10:c.659A>G	ENSP00000248846.5:p.His220Arg	HLA-A*02:01	9	2	8	SLFGALVRS	SLFGALVHS	MHCflurry	223.976	121.456	0.542	MHCflurry	0.942	0.683	MHCflurry	0.942	0.683	NA	NA	NA	NA	NA	NA	284	0.75	334	0.775	162	0.0	24.241	13.021	223.976	121.456	0.542	0.942	0.683	0.942	0.683	NA	NA	NA	NA	121.45598496177976	223.97615458059852	0.6827499999999994	0.942124999999999	941.TUBGCP6.ENST00000248846.10.missense.220H/R	False	0.9857142857142857	2.1714285714285713	False	False	False	0	False	0
chr15	50643416	50643417	T	G	ENST00000560955.5	1	1864	False	False	protein_coding	None	ENSG00000092439	missense	K/T	153	TRPM7	ENST00000560955.5:c.458A>C	ENSP00000453277.1:p.Lys153Thr	HLA-A*02:01	9	3	7	ELHPRITQL	ELHPRIKQL	MHCflurry	226.502	1960.065	8.654	MHCflurry	0.946	2.274	MHCflurry	0.946	2.274	NA	NA	NA	NA	NA	NA	74	0.5	416	0.45	104	0.0	28.628	19.6	226.502	1960.065	8.654	0.946	2.274	0.946	2.274	NA	NA	NA	NA	1960.0648665156807	226.5019079635942	2.2743750000000005	0.9462499999999988	746.TRPM7.ENST00000560955.5.missense.153K/T	False	-0.7428571428571429	-0.7428571428571429	True	False	False	0	False	0
chr18	36067341	36067342	C	G	ENST00000399022.9	1	312	True	True	protein_coding	None	ENSG00000141425	missense	Q/H	21	RPRD1A	ENST00000399022.9:c.63G>C	ENSP00000381984.3:p.Gln21His	HLA-A*02:01	9	3	7	ELSNSQHSV	ELSNSQQSV	MHCflurry	409.221	1485.752	3.631	MHCflurry	1.23	2.041	MHCflurry	1.23	2.041	NA	NA	NA	NA	NA	NA	278	0.417	602	0.5	142	0.007	57.249	17.082	409.221	1485.752	3.631	1.23	2.041	1.23	2.041	NA	NA	NA	NA	1485.7522739090628	409.22092551212125	2.040625	1.2303749999999989	834.RPRD1A.ENST00000399022.9.missense.21Q/H	False	-1.2000000000000004	-1.2000000000000004	True	False	False	0	False	0
chr9	37784015	37784016	T	A	ENST00000327304.10	1	275	True	True	protein_coding	None	ENSG00000107371	missense	K/N	124	EXOSC3	ENST00000327304.10:c.372A>T	ENSP00000323046.4:p.Lys124Asn	HLA-A*02:01	9	8	2	ANSGDIFKV	AKSGDIFKV	MHCflurry	453.342	2608.186	5.753	MHCflurry	1.281	2.571	MHCflurry	1.281	2.571	NA	NA	NA	NA	NA	NA	150	0.48	255	0.533	189	0.0	28.784	5.523	453.342	2608.186	5.753	1.281	2.571	1.281	2.571	NA	NA	NA	NA	2608.185907436585	453.3424344261138	2.57125	1.2811249999999992	485.EXOSC3.ENST00000327304.10.missense.124K/N	False	0.41428571428571426	0.41428571428571426	False	False	False	0	False	0
